Gene,P_adj,Fold_Change,Log2_Fold_Change
NRL,1.018352201548431e-141,6.692994,2.7426517
NR2E3,1.175726776032239e-140,6.4916387,2.6985826
RS1,3.568129631225934e-138,6.368572,2.67097
CNGA1,2.65562451072813e-137,6.156698,2.6221569
SLC24A1,3.3615687453328675e-131,6.160705,2.6230955
PROM1,6.795193770781036e-110,5.7581153,2.5255966
REEP6,1.4716473267023811e-99,5.8154836,2.539899
SAMD11,1.572957712711954e-95,5.0977116,2.3498497
GUCA1B,1.6049640372591767e-92,4.9397154,2.3044279
NXNL1,8.236271830377512e-92,5.1430345,2.3626199
CASZ1,9.538120179888481e-88,6.0175023,2.5891647
FAM161A,3.761666403972227e-87,3.783599,1.9197592
RTBDN,1.0672708568530044e-83,5.0260015,2.329411
RGS9,2.9720089416549522e-83,5.178364,2.3724964
DRD4,1.658137929530714e-79,4.6058307,2.2034614
RBP3,1.0441955065385857e-78,4.7247124,2.2402265
EBPL,6.718654836998523e-77,3.815913,1.9320283
PLEKHB1,7.880047933907895e-77,4.1212635,2.0430868
IMPG2,7.49293985300825e-76,5.8790383,2.5555801
A930011O12RIK,1.2555674462096106e-75,2.843821,1.5078307
AI847159,1.3500348415977682e-75,4.675347,2.2250733
NXNL2,1.5558253829877884e-74,5.4965434,2.4585247
GRK1,4.2879431251677725e-72,5.077549,2.3441322
CDHR1,1.69321207134562e-68,4.2723784,2.0950394
MDM1,2.2639288459426995e-64,4.5546637,2.1873446
A930003A15RIK,2.474086362754339e-63,3.8667338,1.9511155
VTN,4.467284487736524e-59,4.716724,2.237785
WDR17,6.336708001142275e-59,4.766858,2.2530386
FABP12,2.497620356234778e-56,5.245253,2.3910124
NDRG1,4.44970384749465e-56,3.4749022,1.7969724
PFKFB2,1.1826760219209428e-55,3.7670345,1.9134293
SUSD3,1.5840190150146019e-52,4.211532,2.074345
SLC4A7,1.0956401074886751e-51,3.456652,1.7893753
SAMD7,1.7506352344912826e-49,4.9098215,2.2956705
MARCH1,3.98526381854609e-49,4.776849,2.2560592
MAK,1.4575600760091462e-48,3.7943814,1.9238647
ABCA4,8.164428950855438e-48,3.9637554,1.9868679
GUCY2E,1.960803381549474e-45,3.756742,1.909482
IMPG1,2.0023044979062674e-44,4.7173753,2.2379844
GM21743,8.482454887235122e-44,4.408363,2.140243
PITPNM3,2.3018416582588723e-42,4.3468256,2.1199622
RABGEF1,4.415513271332443e-39,2.9671247,1.5690656
ANKRD33B,6.130939100677117e-39,3.3282146,1.7347485
C2CD2L,2.65175989028342e-37,3.3282113,1.734747
BC033916,4.736222527526539e-37,2.2083726,1.1429837
SLCO4A1,1.7449642301914793e-36,3.9509773,1.9822096
OTUD7B,7.789888367340546e-36,3.0308144,1.5997055
IER3,2.2963598526957573e-32,4.326049,2.11305
LLGL2,5.977741127757375e-32,4.0955086,2.0340426
DMD,7.74826862473147e-32,2.319621,1.2138891
2610034M16RIK,1.0032814541575089e-29,3.8117738,1.9304625
KCNJ14,1.1117569911241966e-28,3.255987,1.703095
CPT1A,6.0229697337091315e-28,3.3903048,1.761415
PPAP2C,4.5259118305193754e-27,4.755599,2.249627
ESRRB,7.369499592487372e-26,3.6113799,1.8525501
TUB,4.07527843042942e-25,3.0943086,1.6296171
OSGEP,1.2538806054480641e-24,2.199515,1.1371855
A430035B10RIK,7.889059096932815e-24,2.8272963,1.499423
ARL4D,8.240446323278631e-24,3.16448,1.6619685
CERKL,1.2302089688246872e-23,3.5697846,1.835837
CDR2,1.4443390262914072e-23,3.7724962,1.9155195
NT5E,3.140874239235492e-23,3.3416667,1.7405678
SCARB1,6.148581014092682e-22,2.7259946,1.4467827
ARHGEF26,1.901612463207797e-21,3.1541889,1.657269
LCA5,4.6193427662757814e-21,2.8601446,1.5160881
KCNV2,9.165983451161866e-21,3.0789561,1.6224413
RAX,1.2201412053375007e-20,2.7612062,1.4652987
PPM1N,2.1555313020832343e-20,3.0916014,1.6283543
POLG2,2.7544303060753925e-20,3.3415205,1.7405047
GUCA1A,4.4044911837010674e-20,2.9114523,1.541739
SLC16A6,6.051220167524946e-20,3.2484734,1.6997619
WDR31,7.892112912364493e-20,3.3253112,1.7334894
PLEKHF2,9.305334862010488e-20,3.4846113,1.8009977
GM514,1.1909187908317878e-19,3.554161,1.829509
SYNE2,2.151510065030995e-18,2.7900977,1.4803157
WDR60,6.25927105442157e-18,2.4356682,1.2843176
TRIB1,1.0894283831859169e-17,2.9666061,1.5688134
CDS1,2.078826183190955e-17,3.5888436,1.8435191
ADCY1,3.627303235333536e-17,3.8907588,1.9600515
GALNT7,5.3994750381462034e-17,2.3924243,1.2584733
ARL13B,6.568952365542222e-17,2.675009,1.4195437
CRB1,2.631684737657047e-16,3.9237196,1.972222
ADD3,1.0607478639352844e-15,2.4559708,1.2962934
PLA2R1,1.0792828124196468e-15,3.0859425,1.6257112
PPEF2,1.4489351594497838e-15,2.167009,1.1157053
SLC26A2,1.6443505319356944e-15,3.267937,1.7083801
BC027072,1.7438670790186312e-15,3.175948,1.6671872
CCDC173,1.7536899130430733e-15,2.7903547,1.4804485
PODXL,3.985258086273312e-15,3.3323274,1.7365302
ANO2,7.894502948087536e-15,3.2857733,1.7162329
MYLK,1.2226557466044435e-14,2.5120459,1.3288628
JAG1,2.617904525585088e-14,3.253446,1.7019687
DPF3,1.0075604128819788e-13,2.7034845,1.43482
FRMD4B,1.0666721412549002e-13,2.5827014,1.3688809
SLC16A1,3.636784627876095e-13,2.8653395,1.5187061
HIST1H1C,1.5006044194873261e-12,2.54835,1.3495635
CCDC24,5.069706527659027e-12,2.4718344,1.305582
AGTRAP,5.864097756429448e-12,3.270931,1.7097013
ARHGAP10,4.169890664193521e-11,2.5086532,1.326913
WWC2,5.065258543812555e-11,2.984144,1.5773171
CC2D2A,2.2781310083744302e-10,2.031758,1.0227287
SPRY2,1.6317977006822904e-09,2.0883384,1.0623555
CTNNA1,3.075425063686229e-09,2.4022827,1.264406
ASRGL1,1.0518764855177148e-08,2.195773,1.1347289
NR3C1,1.0987629080897567e-08,2.315798,1.2115095
HTRA1,1.7545082572459064e-08,3.1344516,1.648213
CDKN1C,7.615465365258885e-08,3.440165,1.7824777
RGS20,2.0436742677914702e-07,2.681854,1.4232306
CEP164,4.680360929939924e-07,2.0510166,1.0363392
SNTB2,3.165741246327228e-06,2.136901,1.09552
CNTLN,3.299259237926222e-06,2.0993533,1.069945
STMN2,0.04213207282746365,0.18193112,-2.4585357
CDK14,0.03215546087135663,0.25415182,-1.9762375
SPC25,0.0279527778048648,0.40749773,-1.2951361
SPARCL1,0.02426452371070835,0.18654221,-2.422426
SLC6A1,0.021643140583164248,0.12458908,-3.0047505
SLC32A1,0.017350570979125433,0.07963777,-3.6504033
NHLH2,0.011464556617006256,0.11671659,-3.0989184
DAPL1,0.0060523237369954665,0.344799,-1.5361725
KCNE2,0.002565294128786671,0.14410533,-2.7948043
PRDX6,0.0023469917228989222,0.2624688,-1.929782
TFAP2B,0.002197994596535468,0.1269121,-2.9780984
OSBPL1A,0.001556624784537091,0.4625836,-1.112214
DKK3,0.0009476304725215513,0.2285325,-2.1295288
PAX6,0.0006218700679553826,0.1669581,-2.582442
ASAP1,0.0006182775091661513,0.48247573,-1.0514717
ATP1B1,0.0005993941124156091,0.18626796,-2.4245486
VSNL1,0.0003525603638990913,0.12407538,-3.0107112
ELAVL3,0.0003256658359674529,0.139727,-2.8393173
RGS2,0.00031442236869261373,0.17373678,-2.525025
RPH3A,0.000134678001923865,0.19114862,-2.3872333
DTNBP1,2.537904074975117e-05,0.29435495,-1.7643713
RLBP1,2.0825839441819293e-05,0.28708065,-1.800472
APOE,1.698374717454681e-05,0.34585485,-1.5317614
MYO6,1.4819427694455664e-05,0.43727535,-1.1933861
CACNG4,1.3249490525348635e-05,0.10554481,-3.2440724
DLGAP1,1.3007593942335185e-05,0.07684332,-3.7019362
CTTNBP2,7.839384681244538e-06,0.30899304,-1.6943537
CLU,6.290897224202172e-06,0.39836845,-1.3278247
OGFRL1,2.5117173887757026e-06,0.4243047,-1.2368275
TPM3-RS7,2.2297186589283012e-06,0.24989133,-2.0006273
QDPR,2.1050866587862766e-06,0.36466146,-1.4553704
CACNA2D2,1.982004098911068e-06,0.12975357,-2.9461539
CCDC50,1.5938923854169972e-06,0.4505945,-1.1500983
COL23A1,1.4098713379164415e-06,0.04261594,-4.552463
CAPNS1,1.0972919913019445e-06,0.28217468,-1.8253396
NCOA7,8.690580124906019e-07,0.35250285,-1.5042932
TPM1,7.428205262674925e-07,0.41050005,-1.2845457
DAB1,6.666280128037052e-07,0.1210166,-3.0467231
SPARC,3.6117282265726206e-07,0.2300596,-2.1199205
FAM49B,3.5448218387646937e-07,0.38166803,-1.3896097
CYLD,3.2627796163085976e-07,0.3907784,-1.3555773
H1F0,2.125486369821225e-07,0.47743148,-1.0666344
ARF4,1.0688494096879067e-07,0.39382237,-1.344383
ADARB1,7.788780200841899e-08,0.24244265,-2.0442846
CDK5R1,7.629154396098151e-08,0.28789923,-1.7963642
IMPACT,5.076190769537912e-08,0.37728804,-1.4062617
DNER,1.147043106144546e-08,0.06699134,-3.8998816
RAB6B,1.1203457988138627e-08,0.43018192,-1.2169812
TTC1,1.0168347460636813e-08,0.47248453,-1.081661
NAV1,6.866590222050025e-09,0.32068864,-1.6407548
ACOT7,4.08864922291894e-09,0.28116468,-1.8305128
LIMCH1,3.4506422781224045e-09,0.39997467,-1.3220195
TPM3,1.2410832478746947e-09,0.27860695,-1.8436968
NSG2,1.1856180125174118e-09,0.16452728,-2.6036012
ZFP365,1.038450512572176e-09,0.47945112,-1.0605444
NRXN1,7.873423985487751e-10,0.04262966,-4.5519986
NASP,1.1907652754891913e-10,0.33941787,-1.5588655
DBI,6.278231528750031e-11,0.4171637,-1.2613145
CCNG1,5.798536408273468e-11,0.36856368,-1.4400141
SIX6,4.397054592155778e-11,0.116057076,-3.1070936
GM1673,3.156316168245014e-11,0.08987458,-3.475943
SPOCK3,3.102121334736015e-11,0.03717351,-4.7495813
SLC4A3,2.3904293693382804e-11,0.058233015,-4.102019
GNAT2,7.719345583425918e-12,0.12697835,-2.9773455
NUDT4,5.647769940557446e-12,0.28329185,-1.8196391
LSAMP,5.314051980376578e-12,0.04043599,-4.6282163
MYT1L,4.630912447335347e-12,0.040691365,-4.6191335
CKAP4,1.4936373716082695e-12,0.28681365,-1.8018144
EIF1B,1.3494498931206486e-12,0.46153623,-1.1154842
GJD2,8.000062214531163e-13,0.33840078,-1.5631952
CDH2,4.835345981391573e-13,0.29685822,-1.752154
SYNPR,4.696378160171324e-13,0.06374531,-3.9715369
GLUL,1.7337209172576272e-13,0.365177,-1.4533322
REEP5,7.084880374230628e-14,0.16029882,-2.6411643
OXR1,4.8728759941449835e-14,0.35209757,-1.5059528
IFT20,4.7206965751761975e-14,0.4227987,-1.2419572
GNAI2,4.158946282263837e-14,0.09753484,-3.3579385
RPA1,3.967201526535826e-14,0.23346242,-2.0987377
MT1,2.2375389515801084e-14,0.07733932,-3.6926541
SELM,2.051222013208292e-14,0.064402305,-3.956744
YWHAH,1.4682507178128197e-14,0.24379301,-2.0362713
OSBPL6,7.137536527374192e-15,0.26996997,-1.8891292
TKT,5.481845395244092e-15,0.16336474,-2.6138315
GRIA4,4.3360682491336475e-15,0.036189005,-4.788305
DZIP3,2.4759706154463546e-15,0.2102879,-2.2495623
NRCAM,1.7536899130430733e-15,0.06936571,-3.8496335
CCDC136,9.259964201490812e-16,0.09532436,-3.3910112
RCN2,8.440024087264463e-16,0.098850116,-3.3386135
TSIX,8.039033299945886e-16,0.2925063,-1.7734604
CEND1,2.850449013997676e-16,0.11511636,-3.1188352
PCP4L1,9.506357693003077e-17,0.30361494,-1.7196853
CHN1,8.013817266875987e-17,0.2325566,-2.1043463
ELOVL6,7.333877648741142e-17,0.09810279,-3.349562
CAR8,3.442155388933842e-17,0.03472629,-4.847828
KCNC1,2.061105659190129e-17,0.09684054,-3.3682451
RRBP1,7.8346232880814e-18,0.2769546,-1.8522787
1700025G04RIK,2.809320755317929e-18,0.19704488,-2.3434038
CNTNAP2,1.9987367336698938e-18,0.038014594,-4.717303
CD47,1.11573009019134e-18,0.32518718,-1.6206577
ASPH,1.1032663992071238e-18,0.07878364,-3.66596
PODXL2,4.587008839966527e-19,0.32993746,-1.5997355
SYNE1,3.4156294077614316e-19,0.2370596,-2.0766783
EPHA5,2.5956165990657087e-19,0.062234867,-4.006133
FBXW7,1.907567168410815e-19,0.22051734,-2.181036
SRGAP3,5.017574089611746e-20,0.08666886,-3.5283425
A030009H04RIK,8.873816859761649e-21,0.1555557,-2.6844969
LAPTM4A,5.372178351051925e-21,0.37150747,-1.4285369
D3BWG0562E,4.084697453443962e-21,0.1560768,-2.679672
PTPRS,2.00339343558012e-21,0.18070503,-2.4682915
BSG,1.0078955389183127e-21,0.48851836,-1.0335153
APPL2,8.237064322903747e-24,0.28416649,-1.8151916
NSG1,7.891937984233744e-24,0.02271103,-5.460463
DPP6,6.445682023737048e-24,0.024384206,-5.357909
SIX3OS1,3.417312940122227e-24,0.04682509,-4.4165745
TMOD2,1.963473730883445e-24,0.042355314,-4.561313
A830010M20RIK,1.860104397857968e-24,0.121292345,-3.0434396
NRSN1,1.0564673242474486e-24,0.06080472,-4.039673
PRKCE,9.853677967795105e-25,0.17763318,-2.493027
ANKRD37,5.361670634688164e-25,0.2665524,-1.907509
TET1,2.3674431972511485e-25,0.09959525,-3.3277793
HMGN5,1.0773259408394035e-25,0.11988765,-3.060245
VEGFA,7.369499592487372e-26,0.12173135,-3.0382273
SEPT7,3.8473233504503406e-26,0.40693846,-1.2971175
SH3BGRL,3.164955142684372e-26,0.033195753,-4.9128575
TSC22D1,7.689559779677383e-27,0.2676185,-1.9017502
YWHAG,2.723981089625512e-27,0.22430886,-2.1564415
2900011O08RIK,6.090206572007471e-28,0.04058798,-4.6228037
REV3L,6.036080927952937e-28,0.29945675,-1.7395805
NNAT,8.240293669182136e-29,0.03716202,-4.750027
ZWINT,2.713997883104263e-29,0.20831275,-2.263177
SCD2,3.445991871468359e-30,0.15303075,-2.7081065
XIST,2.1387584197641136e-30,0.39170155,-1.3521732
PRKCB,1.8596991177834236e-30,0.029162997,-5.099717
FSTL5,1.727746741816089e-30,0.01660321,-5.912394
ZFHX3,4.11973701977468e-31,0.027907906,-5.1631823
ROBO2,1.528108894962233e-31,0.014606133,-6.097282
DUSP3,9.794501916654442e-32,0.018261679,-5.775037
CD200,6.556806098467662e-33,0.021532154,-5.5373635
6430548M08RIK,5.1425752395352944e-33,0.10981773,-3.1868172
FAIM2,1.2502776093551134e-33,0.0013926162,-9.487987
CYGB,1.0063024887043457e-33,0.04051204,-4.6255054
PLK5,6.739437239121565e-34,0.32705483,-1.6123956
SLIT2,3.664979070930744e-35,0.018121207,-5.786177
STMN1,3.0352238134156623e-35,0.018499639,-5.756359
RNF152,1.962354847680223e-35,0.022095846,-5.500081
PPP1R1A,1.575320421474236e-35,0.039360333,-4.667114
GSTM5,4.238541007574364e-36,0.040210303,-4.636291
ARHGEF9,3.634716064106037e-36,0.046071474,-4.4399824
CAMSAP2,1.2613814478488912e-36,0.1759264,-2.506956
MAGED1,9.002184846813024e-37,0.2861117,-1.8053496
NDNF,1.8020678997865618e-37,0.012074961,-6.3718376
ZEB2,1.7408078334161351e-37,0.014091247,-6.149057
NDRG4,2.995007202566084e-38,0.041132197,-4.603588
ZFHX4,1.7981475784338534e-38,0.017436683,-5.8417306
SIX3,1.1872577586499494e-38,0.051790655,-4.2711644
CACNA2D3,8.997997040548984e-39,0.023384023,-5.418333
PCDHA2,5.033881967697839e-39,0.10433565,-3.260696
CHGA,1.196399057154989e-39,0.20651019,-2.275715
NRXN2,2.248277266678794e-40,0.020928597,-5.5783806
BASP1,1.6506804660605192e-40,0.08104248,-3.6251779
KHDRBS3,4.0693595602289624e-41,0.15085675,-2.7287488
CCDC88A,2.1110093445110553e-41,0.19224194,-2.379005
UCHL1,3.5928457026910104e-42,0.059499245,-4.070985
RUNX1T1,2.3229369988807086e-42,0.023322226,-5.4221506
ZFP385B,9.880960772421302e-43,0.27303916,-1.8728201
KIF5C,4.14531440622187e-43,0.047093786,-4.4083195
4930447C04RIK,3.660115904179681e-43,0.065961525,-3.9222314
NCALD,3.204511750268618e-43,0.027604317,-5.178962
MYO5A,1.6888379470014449e-43,0.11292152,-3.1466076
TGFB2,1.3654464275585673e-44,0.025287516,-5.305431
QPCT,7.564249832372112e-45,0.0127503425,-6.29332
ANK3,1.555779079143751e-45,0.122579336,-3.0282123
AUTS2,8.52823945140236e-47,0.011591059,-6.430844
IGF1,6.230473200664652e-47,0.010633651,-6.555219
INA,1.493438494324503e-47,0.030051546,-5.056417
SPOCK2,2.04204454159939e-48,0.04493096,-4.476146
GNGT2,7.866815415369917e-49,0.07948043,-3.6532564
LMO4,1.746023655423314e-49,0.05386014,-4.214638
PHYHIPL,5.780924878967205e-50,0.071754314,-3.8007905
CABP1,5.071738405040494e-50,0.013021992,-6.262906
MARCKSL1,3.2751343217441183e-50,0.046655186,-4.4218187
OLFM1,1.0505971112758372e-50,0.04674513,-4.41904
SCHIP1,1.4560888006476874e-51,0.008200503,-6.930072
PNMAL2,3.791980379518628e-52,0.05170539,-4.2735415
SLC4A10,3.8807721096040564e-53,0.012199685,-6.3570123
ATP2B1,1.6185147723516048e-53,0.34852275,-1.5206753
TMSB10,1.2099435080168186e-53,0.16987486,-2.5574558
RAB3C,5.1212342484442545e-54,0.008784724,-6.830787
PGM2L1,1.4354917109781137e-54,0.09065766,-3.4634273
TAGLN3,7.41602852903818e-55,0.032280438,-4.953196
PAK3,2.931375236754916e-56,0.024404483,-5.35671
TTYH1,1.7762257813349548e-56,0.35383603,-1.4988471
MAP6,7.824724886101932e-57,0.008458259,-6.8854237
PCP2,6.663265843336555e-57,0.030258026,-5.0465384
CNTN1,4.9658294526995305e-58,0.0039034958,-8.001018
MLLT11,1.3044569878751597e-58,0.03996056,-4.6452794
TCF4,1.3044569878751597e-58,0.1462232,-2.7737558
SOX4,4.467284487736524e-59,0.036987282,-4.756827
MARCKS,4.1150756542378055e-59,0.13409989,-2.8986201
HAP1,4.9344123068431607e-60,0.036704384,-4.767904
RTN1,1.500117682310646e-60,0.17887853,-2.4829478
SLC24A3,2.33296572662549e-64,0.010453236,-6.5799065
GABRB3,7.281317436841333e-66,0.031223178,-5.001239
MAPT,2.2002797851409166e-66,0.018929394,-5.723228
GRM6,1.3849947814872213e-67,0.017466642,-5.839254
HSPA12A,1.3048316681956933e-68,0.05541485,-4.1735835
RIT2,1.5772988910676564e-69,0.018711956,-5.739896
HLF,5.652014603258758e-70,0.055047672,-4.1831746
STMN3,1.1137814119789638e-71,0.059850797,-4.0624857
SAMSN1,3.500208977027891e-75,0.09438225,-3.4053407
TRNP1,3.0875438601466107e-75,0.01437761,-6.1200323
GPR179,6.230544324423376e-76,0.008027473,-6.9608383
A330076H08RIK,3.3845490134994153e-78,0.009640896,-6.696617
GNB3,2.1922081202744987e-78,0.12570152,-2.991926
CABP5,5.882181424469741e-80,0.010121866,-6.626381
LIN7A,3.018081142108403e-82,0.015720328,-5.991225
ITM2C,8.474811113030857e-83,0.038806185,-4.6875696
BC030499,8.474811113030857e-83,0.021151649,-5.563086
PCP4,2.3396798901482105e-83,0.028829047,-5.116333
ISL1,3.4909998916563525e-84,0.010160936,-6.620823
SNRPN,3.4909998916563525e-84,0.047942113,-4.3825626
SPHKAP,1.7354339473806182e-85,0.012151804,-6.3626857
GABRG2,7.74157298685098e-86,0.008138301,-6.9410567
NAP1L5,2.5040458033750554e-86,0.028135354,-5.151472
B3GALT2,1.954531475199603e-86,0.0050108037,-7.6407423
GM4792,5.207369992310008e-87,0.015455109,-6.0157723
LHX4,1.1681082473737124e-88,0.0076959003,-7.021694
GPM6A,6.431280796961552e-92,0.020914407,-5.579359
SYT4,6.888800304146164e-93,0.0099614905,-6.6494226
TMEM215,4.848724357293584e-94,0.0045024054,-7.7950883
GUCY1B3,1.1625147329014991e-96,0.013288909,-6.2336335
THSD7A,2.1490364217402928e-98,0.015044572,-6.054613
GUCY1A3,2.3649568694917454e-100,0.015999094,-5.965866
SCGN,6.762686963624341e-101,0.007782321,-7.005584
VSX2,1.4773634115257656e-102,0.010892582,-6.52051
KCNMA1,8.47813795577318e-103,0.008408303,-6.8939695
TRPM1,2.1058484726965577e-104,0.0153610585,-6.0245786
FRMD3,3.928061002198111e-106,0.0059333756,-7.396931
CAR10,3.5622313351911147e-109,0.0042392486,-7.8819757
SCG2,8.958798954752828e-113,0.012718595,-6.296917
GNG3,1.5152845119340395e-114,0.025346257,-5.3020835
GNG13,5.835647582513625e-115,0.01514721,-6.044804
PROX1,2.2227180030165077e-115,0.010412,-6.585609
TUBB2A,1.265881026952779e-121,0.011985834,-6.382526
HMGN3,1.1149830992775826e-121,0.044306614,-4.496334
CADPS,3.3616069720478605e-122,0.014850804,-6.073315
LRTM1,3.9275128061433067e-126,0.0072112316,-7.1155386
GABRA1,1.7850368357016628e-128,0.005859574,-7.4149885
PTPRD,3.9732073460261734e-131,0.0075085694,-7.057246
CPLX3,7.908430264953617e-139,0.07444851,-3.7476132
GRIA2,2.7047523953681544e-140,0.01146096,-6.4471283
APP,7.06255151673416e-141,0.012133387,-6.364874
NEUROD4,9.6349757474231e-146,0.007210793,-7.1156263
NME1,1.2079125836183142e-151,0.025869766,-5.272589
NRXN3,4.4283749239084757e-162,0.015761988,-5.9874067
