,Cluster_Label
r1_GGCCGCAGTCCG,7
r1_CTTGTGCGGGAA,7
r1_GCGCAACTGCTC,7
r1_GATTGGGAGGCA,7
r1_GTGCCGCCTCTC,2
r1_CCTGTGACACAC,7
r1_AATCTCGTTAAT,7
r1_GATTTCCTCTGA,11
r1_GAAGGCTGGAAC,7
r1_TTCCGGCTGTAC,7
r1_TCGACTTCTTCT,11
r1_TGTGGATCTGCT,7
r1_GGGCCACGATCA,7
r1_GATTACTGAGCT,7
r1_CGAGATATAGCA,7
r1_GGGTGTCAGTGG,4
r1_TGCGAGAGCTTG,2
r1_GCTTCTTGTCCT,7
r1_GTTTATATGCGC,3
r1_TCTTCACTGGCT,3
r1_TCATTTAGTCGA,3
r1_GCGCCGAGATGT,1
r1_TAGATTATTCAT,6
r1_GTCTATTCGGTT,3
r1_TTCTTTTTTCAA,2
r1_GTTATACTACCG,11
r1_CCAATTTCTAAT,1
r1_CGAATTGGTCGC,11
r1_GATCGGTACATG,10
r1_TGCGTGCCGGTC,1
r1_CGGTAAGATTTT,15
r1_CGTCGGTCAGTT,9
r1_CTATATCCTGTG,8
r1_TGCCTGCAATGC,7
r1_AACGTGTAAGCG,10
r1_TCGATCTGAGGT,9
r1_CGCATCTCGCTT,4
r1_AGGTAGCCATAA,0
r1_CCATCTATCCTC,1
r1_GACGAGCTATCC,4
r1_CGATAGTCCTAT,4
r1_TTGACTCCTTTT,3
r1_AGGCCTCATGGT,2
r1_ACATCCTCAGAG,11
r1_CAAACCCACTTG,1
r1_CGTTGATCTCTG,9
r1_TTCCTGGAGCCA,12
r1_CGTATTGTCGAG,2
r1_TTTATCATCCAG,11
r1_GGGCCCCAAATG,3
r1_GTGTAATTCTTC,3
r1_GGATTGAAACAG,3
r1_CGCGGTTTTCTT,4
r1_CTCCGGTAAATC,0
r1_TTTCACTCCGCC,1
r1_GCAAGTTGACAA,4
r1_ACCCTTCACTCG,0
r1_TAGATCACGAAT,4
r1_TCGTATGCGCAT,11
r1_AGCATCCCCGTT,4
r1_TCGCACCTGCTG,7
r1_AGTAGTGGATTA,3
r1_CTGACGTGCACT,3
r1_TACGTCAGTTCG,3
r1_AGATAGGATTAT,10
r1_ATTACCCAGGAG,4
r1_ATTCCACGCCCA,6
r1_GCATGTCCAAAC,3
r1_CCGAGTAAGGGT,9
r1_GGTAGTGTGGGA,1
r1_AGGCTCTATGAG,11
r1_GATCCGAGATTG,9
r1_CAAATGCGTGCG,3
r1_CCCGTCTGCCCT,12
r1_TCTCCGAGTTCA,7
r1_GTAGGGTTTTCT,6
r1_ACCAATTCGAAG,3
r1_GATAATGACTAT,4
r1_TACTGTAACAGC,4
r1_CGATCGACGTCA,7
r1_ATTCGAAGAGTA,7
r1_GGTTCGGAAGTT,11
r1_CCCGGATCTGGA,6
r1_TCGACGTATCAG,4
r1_ATTTAGCGGAGA,0
r1_CCGGCTCTCTTT,1
r1_GCCTTTTAGCAG,4
r1_TAGGTGCATATA,4
r1_TAGTCCCAACGA,5
r1_CGTTTAAGGATA,0
r1_GAGGGTCGAATA,4
r1_AGAAAGAGAAGT,7
r1_GCGCACAGGCCC,14
r1_CGATAACCCTCC,10
r1_CGCCATCGCACC,6
r1_ATTGTGATAAAC,4
r1_GACCCGGGAGAC,9
r1_ATGTATTTCGAA,10
r1_GAGGCCCGTTGC,3
r1_CGTCCCGCAACG,1
r1_TTGGGCTTTCCT,1
r1_TAGGCATCCAGG,9
r1_TTGATCTAAAGC,13
r1_GGTAGAATCTTA,1
r1_CCGTTACCGACT,9
r1_TTTCCTCAGAAC,10
r1_TCCGCCTAGGCT,4
r1_ATCAAAGCCGGT,0
r1_CCTATTCTCAGC,8
r1_CGGAGCCGTGTT,3
r1_TTTATATCGGAG,0
r1_CCATGGATTGCG,0
r1_GCGACAGTATAT,2
r1_TGGGTGCGGTTC,3
r1_CCCCTCCTGCCG,0
r1_CCATCTATTTGG,3
r1_GTGACTCCTATC,4
r1_GGATTTGGATTA,1
r1_CGCGGTCTTACA,3
r1_TACACCTTCTGT,9
r1_GTTGTCGTCTGA,1
r1_TGGGGGCTCGAT,4
r1_AGAATAAAATTC,4
r1_CCAGTTGCCTGC,13
r1_GCGTGATCAATG,7
r1_AAAGCGGCGTAA,13
r1_CCAACCTTCGGG,11
r1_TGTATTGAGATG,0
r1_TTGAGTCATTTG,0
r1_GTCTCAACTCGC,4
r1_ATGTCCCAACGC,4
r1_CGTTCCCGGGCA,7
r1_ATGACACTGGGT,3
r1_CTTAGTGACATA,8
r1_GTGATACAGAGA,10
r1_GAGCGGTTAGGC,14
r1_CAGATCCGACAA,4
r1_TGATAGCTTTAA,7
r1_TTCCACGCGCAG,13
r1_ACTAAGGCGTAA,9
r1_CCTGTGGATCGC,3
r1_CACGACCGGGTC,0
r1_CTACGAAATTCT,6
r1_CGCACATAGGTC,4
r1_CGGCTGCTGCGA,0
r1_CGTCTTACTCTC,3
r1_GCCCGTTACAGG,1
r1_TTTGCTCACATC,1
r1_GTATCAGACCAG,1
r1_CCGCGTGGTTGG,3
r1_CCCTGTTGCTGG,9
r1_TATCTCTTTCCA,0
r1_GTCCTGTGGCTG,1
r1_ACTAGCGCCTTG,4
r1_TCTACAATGTTG,5
r1_GGCTCGTCGCGA,4
r1_GCCTGGTACCTT,3
r1_CGTGGTACTCTC,4
r1_ATTGTTTTTGTG,3
r1_CGGTAGGGAGAT,9
r1_GTTTACTTAAGA,3
r1_CATATGCCGCCG,4
r1_CACCCATTTTGA,10
r1_TCTAGGTCATAG,3
r1_GAAAAATGACAA,2
r1_CAGTCGCAATGC,3
r1_CTTCTGCTCCGC,3
r1_TCGTATGGAAGC,0
r1_AGGACAACCGGC,1
r1_GAGGCGTTGCGT,2
r1_CGGAAACCGGTA,0
r1_AAAGGCAGCATT,0
r1_CATTCATGCTGT,13
r1_CGTATGGTCTAT,1
r1_CCGATGCCGGAA,1
r1_CTATGCCCCATA,3
r1_TGGACGACTCGT,4
r1_GACGTAGTCGGA,4
r1_TCCTATGTTTAT,1
r1_TCACCGGGCCTG,1
r1_GAACTGATATAC,3
r1_CCCTAGTCAACA,2
r1_TAATATCGACTT,3
r1_AAGGGCCGTTCG,7
r1_GGCGCTTGTTCC,8
r1_GCCCATCTGCAT,8
r1_GCTGGAAACTTT,4
r1_TAACCGAAATCC,10
r1_TCCGATCCTACG,1
r1_CTGGACTTCTTT,0
r1_TAACAACTCCTA,1
r1_TCACATCGTGTT,10
r1_GAGCTCCCCGTA,3
r1_CACACTCCGTCG,1
r1_GTTACTAACTTT,1
r1_GTCGGTGGAATT,10
r1_TAGTTCCGGTCC,2
r1_CCCGGTTGCAAG,15
r1_GAACTCGACCTA,3
r1_AACTAACATTGC,4
r1_TGGCCTACAGTG,3
r1_ATAAGTGACATT,11
r1_GAGGGAATCAAG,10
r1_GTATACCTACCC,13
r1_GATTGGCAATAT,1
r1_GGTCTTCTACGG,1
r1_AGATACCCATAA,1
r1_GAGGAGAGACAT,2
r1_TTATCCTGATCC,1
r1_TTGCCGATCACG,8
r1_AGTGCCCTGCAT,10
r1_CGTTAGTGAGAC,8
r1_GGCCCGATCGCT,1
r1_TGGATCGCCTTT,4
r1_GGTTTAAGCTGT,1
r1_TGTATTAGTTCC,2
r1_ATCTTGATTAAT,6
r1_AATATTTCCTAG,3
r1_CAAGTGGATGGT,11
r1_GAGTATAACCTT,5
r1_TCGTTAGTTTTG,1
r1_GTATATTCGTTA,1
r1_GGACATCTTGTG,13
r1_CTCGGCCGGGCA,3
r1_CTTTCGCGCGGG,8
r1_CCCCCGCTTTGA,4
r1_GCGCCTTATGTA,0
r1_TCCACATCATAG,1
r1_TTTGTAGGATCA,0
r1_GTGACTTGGCCT,1
r1_GGTATCTTCCAG,1
r1_ACATCAACGCTG,4
r1_ATGAGCTTTAGC,4
r1_GAGGTAGATGTC,1
r1_TGATTCTTTGTG,3
r1_CTTACTATTGGG,1
r1_TAGACTTTTACG,0
r1_TTTGCATTCGTT,4
r1_CCTGGATTAGAT,5
r1_TAGGTTACGAGA,1
r1_GATCGTCTTGAC,13
r1_AGGTTAGAGCGG,6
r1_TCTTTCTGGTAG,0
r1_CTCAATCTAGGT,8
r1_CCGTCCCGTAGA,1
r1_GACTCTTTTGAT,10
r1_ACGGAATGTGGC,7
r1_CCCACTCGTCTA,3
r1_GCGTGGCCTTGT,3
r1_CCGTCAAATTGG,2
r1_GTGACTTCTCCT,6
r1_CTCCTTGAACCA,4
r1_GGCATAGCTCCT,1
r1_AACAGTGTTTCC,13
r1_CATTGGTCGACA,1
r1_GGATCACAGCAG,3
r1_TTCATCTTAGTA,1
r1_GATGGATACAAA,3
r1_TTCGTAGGTACA,1
r1_CCTATTTCCACG,12
r1_CCTGCGTCTGTA,10
r1_TGTTAGTTCCTA,0
r1_TCATAGTGCTTT,4
r1_ACTGTTATACTG,3
r1_AAGATATTGCTG,6
r1_GTCGGGGATAAC,2
r1_TTTACGCAAATC,4
r1_ACCTAGGCGTTC,0
r1_TGCCCGCTGCTC,3
r1_GTATACTAACTG,0
r1_GATGGGCTACTG,10
r1_AACCACTCCTCT,0
r1_ACTGGGCAGGCT,1
r1_AGTGCCCACAGA,3
r1_CTCAATCAAAGA,15
r1_CCCAGTAGTGCA,1
r1_TCCCTTGGCGCT,12
r1_CGTGGTATCGAG,1
r1_TCCAAGTGAAGT,3
r1_CTTATTGAACTG,8
r1_AAGCTGCCCGCA,2
r1_CATTTACTGAAC,0
r1_GACTTATGGTGA,4
r1_ATACTATTTTCC,3
r1_AGCATATACAAG,5
r1_GCTCCGGAATCA,5
r1_TTTGATCCTATA,0
r1_TCCACTAGTTCG,1
r1_CTGATGACGTTG,3
r1_GCCTTTTCATGT,8
r1_GCGCTGCCGTCT,3
r1_CCGGTATCCTCA,4
r1_CCAGCACGAGTA,14
r1_TAGACTTTCAAG,8
r1_ACCGGGCGGTCT,0
r1_AACCGCCTCGGT,2
r1_CCTTTATTTTTT,1
r1_GTCTCAAGTCAA,1
r1_AGAATCTCATTT,5
r1_AAGTAGATGGTT,1
r1_CCCGGTGCTTAC,0
r1_GTAGTTGGAAAG,0
r1_TGATTCATCCTC,1
r1_CCCTTCACTACT,3
r1_TCCCCATCATAG,6
r1_CGACCTGGACCC,14
r1_ATCGTGCGGACC,3
r1_CAGCCTTTTTCT,0
r1_CATTGGTCTCAC,6
r1_CCTGTCAGTCTT,5
r1_TATCTGTCCTGC,7
r1_GACGAGCGCACG,14
r1_GACTCAAAATTC,4
r1_TTGGGCGAACAG,15
r1_TTACTGGTATTT,0
r1_CATAAATTCTTT,0
r1_ACTGCAAGGAAT,1
r1_GCATAGTGGTTA,1
r1_CAGACAGCCCCT,14
r1_GCAGCATTATTA,5
r1_CCAGGCCCTCTA,1
r1_AATCAAGCCCTA,0
r1_GATGGCTAGATC,1
r1_CCATTGATTACG,6
r1_ACAGTGACAGTC,13
r1_AAGAGGATTGAA,6
r1_TTCCGGTGAACC,3
r1_TGCTGATTAACT,2
r1_GTTTATCCTTTT,5
r1_TATATATTGGAT,3
r1_GCGCCCGCCCTG,6
r1_ATAACCGTAATA,8
r1_GAATTGCATAGC,9
r1_TCATTATTCACT,5
r1_CCTCGTGATTTG,1
r1_CCTCCGTCATTA,7
r1_CAGAATGGGATT,1
r1_ATCCCACAAAGT,8
r1_ACCTTTTTATTT,0
r1_AGGGAATGATTT,14
r1_AATTCGTTAGGT,1
r1_TCATAGGTATTT,0
r1_CATCGGGCATTG,9
r1_TTTACAGGTTGA,12
r1_CTCTTCTATATA,2
r1_GCTCGGTTAGTT,6
r1_GCATAGTCTGCC,0
r1_TAGTGGAGGTCT,0
r1_AGGAGGGTGGTT,5
r1_ATCTTAATATTA,8
r1_CAGTATAATGTT,3
r1_GTTGAATCCCTG,5
r1_GCCGGGGAGCCC,0
r1_CACACCGCGTAG,6
r1_GAGCCGGTATGA,6
r1_TTTTAGAGCGGA,16
r1_AGAGAGTAATAC,5
r1_TTCACTTCGTCT,0
r1_CCCGAATGATTA,2
r1_GTGCCTAGGGTG,3
r1_CTAGACCTGTCA,5
r1_ACCGTTATGGGT,5
r1_CCCCTTGCCAGG,5
r1_GCTATCATACAC,1
r1_TGTAAATAAAAT,9
r1_TGTGCACGGGTC,6
r1_CTAATGGTAAAT,1
r1_GATGGTGCAGTC,6
r1_GGTATTACTCAT,1
r1_GGGACGCTGATT,5
r1_TGTTGTTCCATT,5
r1_ATCCGCAATACG,6
r1_CCCATTACCGGC,0
r1_CCGCATGCACAG,8
r1_GTACAGGTACCA,6
r1_CCCCCCATAGTC,6
r1_TAGTCATGATGC,14
r1_TATAACACAAGT,5
r1_TGAGGGGTCGAC,5
r1_GTATAACCATAG,5
r1_ATTACCAACTTA,1
r1_TTTCATCATTTT,6
r1_CTCAGCACTAAT,6
r1_TAATACAGGATT,6
r1_CTCCATGGCATA,0
r1_GCTACATGTGTG,2
r1_CGCATAGAACTG,5
r1_AAAATATGTTAC,6
r1_GCATCTGCAAAT,8
r1_CTGTTCGTTCTG,6
r1_CTTCCTCCACTC,13
r1_AATTGATCTAAA,0
r1_ATAAGACTAGGG,6
r1_TCGTCGTCATCC,0
r1_AACCGGATCGGA,5
r1_GGGGTTGGCTCT,8
r1_GGGCGCGGGTAT,0
r1_CCTTTATTGTCC,5
r1_GCCCCGCCAGTA,5
r1_GTATACCCTAAG,3
r1_CGCTTTCGCAGT,5
r1_TCGATCTGTACC,0
r1_TTCAATAAGAGT,6
r1_AGCCCATTCGAT,5
r1_CTGCCAAAGATG,0
r1_TAAGGTCATCAT,0
r1_GTGAGGCTCTTC,5
r1_ATGATTTGCCGT,5
r1_CCTTATGATCTT,1
r1_GGGTCAGCGGCG,6
r1_TTCATTCCATCT,5
r1_TAAGACATCGGC,0
r1_AGACTTCCAATG,0
r1_CCCAGGTTAATA,4
r1_CAGCTCAAGAAT,0
r1_GTCATCCAAGTA,5
r1_TAGATAAGGTTG,0
r1_GTAGAAGGGACT,2
r1_AAGGACAGATCC,6
r1_GAGATTTTCGTT,5
r1_ACCATGTTGGGA,6
r1_GTTCCAGGTCGA,5
r1_TTTGACTTAGTC,0
r1_GTTGCGCTTTGG,2
r1_TCAACAATGGCA,0
r1_GTTCTTATGGCT,6
r1_GTGGTTCCATCA,6
r1_ATGATTTCGATG,6
r1_GAATTCATAACC,6
r1_GTCCCAATTCAG,0
r1_GTTTCGTCTTCT,0
r1_TCCGGAGAGCAC,0
r1_GATCTAATTTCA,6
r1_TGTTCAGTCCTC,2
r1_GACTTATACCCT,2
r1_GGTAGTCGCAGG,0
r1_GGTCTAGTGTTC,6
r1_GTACTACCATTA,1
r1_TTATGCATTAGG,5
r1_CAACTGTCGCTT,2
r1_GGCGGCGGTGGG,5
r1_CAAGCTTGGCGC,0
r1_ACCCACATCCAC,0
r1_GATCCTGGCGCG,6
r1_GCCCGATTTCCG,0
r1_GTGGGCTTATCC,0
r1_CGTGGGTAATCT,13
r1_CATGCCTACCAC,13
r1_ATGCACTATTTT,5
r1_ACCGCCTTACGA,5
r1_GGCTCAGAAAGG,0
r1_CAGTGCGAGTTT,5
r1_CCTCGGCCTGCC,0
r1_GGATGCTAGGGA,0
r1_AAGGGGATCTGG,0
r1_GTTCATCTCGAC,0
r1_ATTCTTATATGC,6
r1_CGAATCCTGAGA,6
r1_GCCTGGTTCGGT,5
r1_TACCCCCAAGCA,0
r1_GTATCCTTTAGC,8
r2_AACCCCTCCAGG,12
r2_GATCTATCGAAT,0
r2_CGCCAGGAATTT,0
r2_TTTTTAGGATGC,7
r2_GTTTACTTCCCC,11
r2_TGCATGCTAATC,11
r2_ACGTGTCGAGTA,6
r2_TACTGTCAGCAC,7
r2_TCAAAACGATTG,11
r2_TGGTGTCGCTCG,10
r2_CGACCGCCCAAT,2
r2_TATGTTCGGAGG,0
r2_CCACGCCAGCCA,0
r2_ACGCAGCTATTT,11
r2_CGACCCCAGCGT,0
r2_ATTTGGTGGAAG,11
r2_CAGGTCCTAGTC,11
r2_AAAATTAAGGTA,11
r2_TGCGACTAACAC,10
r2_CCTTATATACAG,7
r2_CGCCGGGTGGCA,11
r2_GATGCCTGCACT,0
r2_TAACTGCCCACT,12
r2_TCCAGATTAATG,12
r2_CCAACATTCAGG,15
r2_ACGACTGAAGAA,0
r2_TCGACTAGTTGA,2
r2_TGTCTTGCGCTG,2
r2_TCTCGAGATGCT,11
r2_TGGACATCGACA,2
r2_GTAGTCTGTCAT,7
r2_TTTTATCAGGTC,11
r2_ACATAGTAAAGT,12
r2_CGGTAAAACGCA,15
r2_GCGGTCATCGGA,11
r2_CACCTAGCTAAC,11
r2_ATGAATCACGAT,12
r2_GTCCGTGAGCCA,7
r2_CGACAGACGCTA,10
r2_CGCAAATACTAC,2
r2_TCTGCAGGAATA,0
r2_CTACACTCGTTG,7
r2_CGTGGCAATGGG,15
r2_GTCCCTGGAGAT,2
r2_GGTTGGTGGGGA,7
r2_GTGACGGTCTAT,0
r2_TGCATGAGCAGG,10
r2_CGGCGCCTGGTC,10
r2_ACCTCCTCTTTC,9
r2_CGAATCTTAAGA,11
r2_ATTGCCACCATA,11
r2_CCCAACTCCCGG,2
r2_CAACCTGTCCGA,3
r2_CGGCTCGATTGC,2
r2_CATAATGTCAAC,4
r2_TCTGATTCACAA,1
r2_TGTTTCAGAGTC,1
r2_TCCTTTACTAGA,1
r2_CACTAGGCTGAG,1
r2_GTCTGCCTACTT,9
r2_TGCCAATTATTC,0
r2_CCTTGTATTACT,12
r2_GACGGACCTAGA,7
r2_TCAGGGTTCGCT,12
r2_GCTCTGGTGACT,2
r2_CCACTAATTACC,0
r2_TTCCAAGCTGCG,12
r2_GCCCTATGGTAT,3
r2_AATAAAAAATTC,2
r2_AATCTAGGCAGA,0
r2_ACTTGGGGAAGT,4
r2_ATAGCGCGTCTT,1
r2_CAGATCATTGTC,10
r2_CGATGCTCTTTA,8
r2_CCTTTGGCTCGA,7
r2_AGGCACACTTTA,4
r2_GATTTAGGGGGA,16
r2_TCGTCTGTCCGT,4
r2_AAATATCCAGTA,9
r2_TAGCCTCTTGAT,3
r2_TAGTATAGCATA,7
r2_CTGCTATCATCT,3
r2_ATAATTAACTGA,0
r2_CGTCATCCTAAA,4
r2_GTGGTATTGTCC,4
r2_CGTAGGCTCGAC,6
r2_GCTACGGCAAAA,0
r2_CCCGGACGCTCT,5
r2_ATGAGATTTTCC,3
r2_CTTCCCTGAAAT,0
r2_CTTCCGATGATG,9
r2_GGCGCATACGCA,14
r2_ATTGGTTGGGAC,2
r2_GTACTACCCCCT,3
r2_CATCGTCTTATA,4
r2_ACACTCTTTAAT,0
r2_GACCGGGAACAT,2
r2_GGTGAAAATCTG,3
r2_CTGTTCGCAATA,1
r2_TTGAGCTAGCCC,11
r2_GATTAAGAGGAA,0
r2_GATCACGCGTCA,10
r2_TATTAGACCTTA,4
r2_GATGAATTACGC,2
r2_AGCAGAATTCTA,2
r2_GTTTTAACTTAA,1
r2_AATAGTGTGTTA,3
r2_GTCCAAAGCTTA,3
r2_CATCCATGAAAT,0
r2_GAGGCGGAATGG,15
r2_GTAGCCGGGTAA,4
r2_GTAAATTGTATT,2
r2_CTACCCTCATCA,1
r2_ACCCCGAGTAAG,2
r2_ATATTGGTGAAA,4
r2_TGAAAACATGTG,1
r2_TCTCCGCTATTG,1
r2_GGGCTGTAGTGG,13
r2_ACAATCATGCTC,2
r2_ATTTTAGAGCAT,12
r2_CACCCGGAACAA,4
r2_AAGCAACCGTTT,2
r2_CCCCCACTACAA,4
r2_ACCAAAGGATCC,4
r2_AAAACCGATTTT,1
r2_TATTCTAGAGAG,15
r2_CATAGTCTAAGA,8
r2_GTGATTGACGTG,0
r2_AACGGTGCTTAG,4
r2_GTTCTAGCTCGG,2
r2_AAAGACTTATGG,1
r2_ATTCTAGTCTGC,4
r2_CACCCCTAAAGC,4
r2_ACGCCGAACAGC,4
r2_GTTCTCTCCGAT,2
r2_TCAACGAGAGGT,0
r2_GGTTGGATGCAA,1
r2_GCGCCATTAAAA,12
r2_CCGCCTAACCCT,4
r2_GAAAGCGCCATC,2
r2_CCATATGAGCGA,1
r2_CACAAAAGGCGC,9
r2_TTTTGATAACTA,4
r2_ACCATCTGTCAA,12
r2_TTGTCCTTTTTT,3
r2_TGGCTCCGCATT,4
r2_CCCGCACGCAGC,2
r2_GATGTTTGTTAT,4
r2_ACGGCAGCAACT,6
r2_GGGCTCTCGACA,1
r2_AAAGCACAATAA,14
r2_CTCGCGCCACAC,4
r2_GTGGGCTCCGGC,14
r2_CGTACTTAGAGC,4
r2_CTTGGAGTCCGT,8
r2_ACCGTTCCTCTA,11
r2_GTCTGAATAACT,6
r2_GTAGCTCTTAAT,3
r2_GGGTATAGCCTG,0
r2_AGCGGCTCCAGT,10
r2_CTGATCCCTAAA,1
r2_TGCCATGCGAAG,2
r2_GCCATACCTATG,0
r2_ATATATGCCTAG,9
r2_CGTGTGCCCTAC,2
r2_GTCTGTTACCGT,8
r2_TAGCACATACCG,4
r2_CGGCCCGCATTG,2
r2_TTTATGATTGGA,10
r2_TTTAGTGCCGTA,9
r2_GAGAGTTCATTC,4
r2_CGTTGGTTTTAT,2
r2_GTTTAATATCCA,11
r2_GCTCTTACAGCT,0
r2_CCCCTATAAATA,1
r2_GATGACTACGAG,4
r2_GGGACGCCCTAC,4
r2_ATCCCAGAAATC,6
r2_CCAGACGTCTAT,7
r2_CGTGATCCCCTC,10
r2_CTTGCAAGATAT,4
r2_ACATCCATCAAT,3
r2_AATTTTGACCCA,10
r2_TATACTCAGTTT,10
r2_AAGCTTCCGTTT,0
r2_GACATGCCATAG,1
r2_CCACTCCACTTC,6
r2_TTGTTGAGGTCT,14
r2_GTTAACGCGAGA,4
r2_TTCTACTACTTG,11
r2_AAGGTTAAGCTC,2
r2_ATGACATCCGGT,2
r2_CGCAGAGGCTTT,1
r2_GTATTTGTCTGG,0
r2_ACAGAATTTGAT,1
r2_ACGTTCCAACAA,1
r2_AGTGCTATGGGC,0
r2_CCACAACTGACC,6
r2_GAGATACATTCA,16
r2_GGAATAAGTAGT,11
r2_GGCTGGAGCTTT,1
r2_CCCAGACCTATT,1
r2_GTCGATGCTTAT,13
r2_CAGCGGCAAGTC,6
r2_AGCTCCATTTAG,2
r2_AGTCATTGTCTT,6
r2_ATGCAATCAGAA,2
r2_GTGTAATCTGTT,6
r2_TTACAAGACTAG,0
r2_GAGACACATCCT,3
r2_TCTGGGGTATAC,1
r2_CTAATATAGGTG,1
r2_TACGTCGCAAAG,9
r2_GGGTTAGAAAAT,14
r2_CTGGCATGCACC,1
r2_GTGAAGTCTCCT,3
r2_CGATACTCATTG,1
r2_CAGCAGAGGATC,1
r2_CTGCATAGACAA,4
r2_GACCATGTCATA,4
r2_GACGCCTAGTAG,0
r2_CTTTAAACATAC,4
r2_GTCAATAGGGCA,3
r2_ACCCGTTATGTA,3
r2_ACCGCCTCACAT,0
r2_GGTCGGGCCGTT,3
r2_GCGAAGTGTTGA,1
r2_CATTGTCAAGCA,0
r2_CACTTATGATTT,1
r2_ACCGTGGGGTTT,14
r2_ACCCCGGAAGCT,3
r2_TGGATGTTTACA,9
r2_ATTTCACTATCC,2
r2_GAACCTCTCTTG,6
r2_ACGATATCGTTT,1
r2_TCATGACTAATT,6
r2_CGAATCGCGCCC,1
r2_ATTTATGGTATA,2
r2_TAAGCGCGTCTT,5
r2_CCATGTCTAAGG,4
r2_AAATAGTTAATC,1
r2_CGCCCGCGAACG,3
r2_TCACAACGTCCT,3
r2_GCGAGGGCTCTC,6
r2_CTTTATGATTTC,1
r2_CGCAATCGGTTG,0
r2_CTCGGCATGGCA,6
r2_ATAGCGTTATTT,2
r2_GTATTGTTTTAG,0
r2_TATCCCAACTCC,2
r2_GCCCTCGGAGTA,7
r2_CTATTATACGGT,0
r2_GAGGCAGAGGCT,6
r2_ATATGGTCTTAG,1
r2_GCGCGACACGGC,0
r2_AATACATATAGT,4
r2_AGTATAAGTGCC,10
r2_TTTCCGGACTAA,7
r2_TGTACGGAAGCG,0
r2_CGCCCCAGCAAG,13
r2_GAAGAGCCAACC,0
r2_GACTGGGCCACT,1
r2_GGTCCCGTTTTG,6
r2_CTTCCTTCCCCT,2
r2_TTTAACTGGACT,9
r2_TATGTCTTCCGA,8
r2_CGCGGCTAGGGC,5
r2_ATTGGGGCTATA,0
r2_GACCGCGCATAA,2
r2_GATTCCCTTGAA,1
r2_TCCAATTTGACA,13
r2_ACTAGGCGCTGG,9
r2_AGGACAATCAGG,14
r2_AAGCGGGCTAAC,13
r2_AGCGCTTCCCGT,9
r2_TAACCTTTTTTA,1
r2_TAGATTGGTCTT,5
r2_CGTGTTTACTTC,2
r2_CCCATGTTGTTG,1
r2_CGGTTTCAAACA,0
r2_TCTATCGAAGAT,0
r2_CGACCCCTCTGT,5
r2_CGTGGTGTGCTT,6
r2_TATCTAACACTA,2
r2_TGCACAGAGTAT,1
r2_CGTCGGCCGCCA,1
r2_ACGACGAGCCTT,0
r2_GTCACAATAAAC,6
r2_CGGGCACTATTG,14
r2_CTTCTTCTCCCT,1
r2_AAACAAGATGTG,13
r2_TACCTGATCCTA,3
r2_CCTCTTTATCTT,0
r2_CTCATCCACGTT,0
r2_GTGGGATTGTCA,2
r2_CCGTGCTGTTCA,1
r2_CTGGAAGAATAG,3
r2_TATCAACAGGGC,0
r2_TCGCGGTTGCTT,2
r2_AGGCGAGCTCGG,2
r2_ATGGCGCAGAGG,6
r2_ATCCACGATTAG,3
r2_CGCGTATCAATC,14
r2_GGAGCTGCGGTA,1
r2_TCCCTACAATTT,3
r2_GCCATGGCTACA,6
r2_CTAAACGTCGAG,0
r2_ATATCCCATCAC,3
r2_CGGATGTACGCT,5
r2_TCTCGGGACGCG,0
r2_CCATGAATGTTT,2
r2_AAATCTAATCAG,8
r2_CGTAATTAATAT,5
r2_GGACTCAGGTCT,2
r2_CCGGAATGCCCA,0
r2_CGCCAGGAAATT,0
r2_AGGGAGAAATCC,0
r2_CCTGACCCGTTT,0
r2_AACCCCACCAGG,12
r2_CTCCATCCTGGT,6
r2_AACCAACTGACG,2
r2_GCCCTGCATCGA,2
r2_ATTCCCAGGGGC,9
r2_GCTCCTCTATGG,1
r2_CGATCATATACT,5
r2_CGGAGCCGTTTT,0
r2_ACCGAATATCCC,2
r2_CAGCACAACGTC,6
r2_GCACTCTTATGC,5
r2_ATCTCGAGCTCA,0
r2_CCTGATTCTGAT,6
r2_ACTTAATAGTGG,7
r2_GTCAATTGCTGG,5
r2_GTACTGTCTCCA,5
r2_AAATTATTCCGT,3
r2_GTCTGACATAAC,0
r2_ACAGACTTCTAA,6
r2_TGGGGTATATCC,2
r2_TAATGGTCACCC,2
r2_GACGGGCATACA,6
r2_GCACCCTGTTCG,6
r2_ATTTGGAGGAAG,11
r2_TCCAGAAGCATA,0
r2_CCTTATGTTCAC,0
r2_CGGGGTGTTGCC,0
r2_ACACCGCCCTTG,14
r2_TAATGCGCTCGT,14
r2_GCCGTAGCCGAT,0
r2_GTTTAGATAAGT,15
r2_CGGAGCATGTTC,6
r2_CCGGCTATTATC,5
r2_ATCGCGTGTTCA,0
r2_CTGTAATATTAG,6
r2_AGCGGGGACGCG,0
r2_ACAGTAGGTCCC,0
r2_TCAAAACGAATG,11
r2_ATGACCTTACGC,2
r2_TTGCGCGTCCTT,2
r2_CAAATTCTGTTT,16
r2_CGCCCGCCCAAT,2
r2_CTTGAAAATTAG,2
r2_CTGCGCGAGATG,5
r2_CCCGATTCAGAT,5
r2_CATTGCCTGTTC,5
r2_CGTTCGTTTCGT,6
r2_ATTTTTTGACCT,5
r2_TATTCGTCGAGA,6
r2_TCGTGGCTCAAA,5
r2_CCATTAAGATTA,5
r2_CCTACACTAAGA,0
r2_ACCATAAGGATA,16
r2_TAGGACCTTTTC,2
r2_TGTAGATGAGCT,13
r2_CAGTACATGGAT,2
r2_ACCAAATAGTTC,6
r2_CCGTTCTCAGGC,0
r2_CCGCCACCCGCT,6
r2_TAAGCTCATGGT,2
r2_GCGTGGATAACG,6
r2_ATTACAGTGTCT,2
r2_GGTTTTATTGCT,0
r2_GTACGGCCGGAT,2
r2_GTGCGCCGCTTT,5
r2_TAAATCTTGGTA,5
r2_AAATGGGAAATG,5
r2_TCAAAACGATAG,11
r2_TGCGCGAAGATG,0
r2_ACGCGCTGTGAT,2
r2_ATTGGAACTTAG,13
r2_AGTTTCTTAAAA,7
r2_TAAGGTACGTTA,11
r2_TAGTCTCGAGGT,5
r2_ATCAATATCGGT,5
r2_TCTGAAGGATAG,0
r2_CCCTTGTTTGGT,5
r2_GCATACAACCCC,5
r2_GGGCGGGCAGAC,0
r2_TACATGGAGGAA,5
r2_TTACCGACTGCA,0
r2_CCCGAACGCCTA,5
r2_ACCTTATGGTTC,2
r2_TCTATTTACCAA,7
r2_TTTGTTTAGCAT,0
r2_AGTGCAATGTGG,5
r2_ATAACGATTTTC,0
r2_CATATGTTTCAT,5
r2_TTCCCGCATGCC,6
r2_TCCCGGTAGACA,6
r2_TCATCTAATCAA,12
r2_GGCGGTACTGAG,15
r2_TTCGTCTAATGG,2
r2_GCGATTGTTGTC,5
r2_ACAAAACGATTG,11
r2_TAAAGATCTTTT,5
r2_CTCCAGGGTAGT,0
r2_TTCTTCGCGCGT,6
r2_TAAACGCATAGA,6
r2_CCTCTATAAATG,6
r2_TGATTAAAAATG,2
r2_TGGACGGCTCGA,6
r2_ATACCGTCAGAA,6
r2_AACGCTAAATCA,5
r2_GTATAGGCAGTC,7
r2_TCCAGGTTATGG,5
r2_TCAGCTAGTAAA,9
r2_ACCTCTCGCTGA,2
r2_GCAGATCGTTAG,12
r2_GACATGTGACCA,11
r2_TTGGCCTTTGAC,11
r2_GCCGCGATAGCA,0
r2_AGGCGTGCCATT,0
r2_GGCGCACCGCAA,6
r2_GGGACAGCAAGC,2
r2_TTATGGACGACC,15
r2_TCGTTCTTGAGC,14
r2_CCAGAGCGCTGC,5
r2_CGGGAAAAAATA,5
r2_GCGCTGCATTTG,5
r2_ACAAAGCAAAGC,15
r2_AGTTATCCGTTA,6
r2_GAATTTGACTTA,6
r2_CCATGGCTGCTT,0
r2_CCGGAGAGTTAG,0
r2_ATTTGAATGCGC,0
r2_GACGTGCGAGTA,0
r2_TTTTTTGCCGTG,5
r2_CGGAACTTCGCC,14
r2_ATGCCTGCTTAC,5
r2_GGTCTCATCTTG,6
r2_GACCTTCAGAAC,5
r2_AATGTGCGTCGG,15
r2_AGTGGTGTTTTC,2
r2_CCTGGTGGAGGT,0
r2_ACATCTTACTGT,5
r2_GAGAAGTTACAA,0
r2_GGATGCACCCTC,0
r2_ATGCTTAGCGTG,0
r2_ACTAGTTCCTTC,0
r2_CTTTGGCTCACT,5
r2_ATATCAGTTCCG,0
r2_TAATAATTATAC,13
r2_TTTTTTACATAC,5
r2_TATCGGGGACAG,0
r2_CCATAAGGCACA,0
r2_ATACTCCTCAAT,2
r2_CTGTCCCCTACA,5
r2_CATAGGAAGGGT,5
r2_ATTACCGTAAGC,5
r2_AGGCAGTTCTTA,6
r2_CAGAATGAGATT,5
r2_TCTGCCCGTGTA,6
r2_GGGCCCTCTGAT,6
r2_ATCTCCTGACAC,15
r2_AAGATTGTGTGC,0
r2_ACCGAGTGCAAG,15
r2_TACATTCACAGA,5
r2_GGGCTTCCGCAA,6
r2_ATTGTATTTTTT,0
r2_TGGGCTATCACC,0
r3_GTACTTAATTTC,7
r3_CCGGAGGTTAGG,0
r3_CTGTCCCCCTAT,7
r3_CCCACGGTGTAT,11
r3_TTAGCGTCGACG,12
r3_ATTAAACAGCAT,11
r3_GCTTCGCCCATC,2
r3_ATTACATTCCTG,0
r3_TTACCTGAATAT,11
r3_GGGCCACAAGCA,11
r3_AGCAGGCCGTCG,12
r3_CGCGTCTACTGA,11
r3_AACTAAGTCAGT,10
r3_GTCCTCACAACC,7
r3_CATCAGGAACGT,7
r3_GCAACAAGCCTA,0
r3_GGGCACTGTAAT,7
r3_ACCGCTGTAGAT,1
r3_GGTTACGATATT,11
r3_AGCGCCTTGGGC,9
r3_TACGGGAGGGTC,11
r3_TTTTAGGTTCGA,7
r3_TGGATATAGATC,2
r3_TATGTGGGTTCT,1
r3_GCGATAATATTT,2
r3_AATACCAACGTT,0
r3_TTTCATAAATTC,9
r3_TTTTAGTCCAGT,10
r3_CTGGATAGGGCT,1
r3_TATAGAGCATTC,0
r3_GAGTTTAAATTA,2
r3_TGCAGATATAAC,10
r3_CCGGATTTATTT,3
r3_AAGAATGGTCAC,15
r3_AAAGATTGTACC,1
r3_TGAAGGACATGT,1
r3_GTCACAAATCGG,9
r3_GGATCCGCTAAC,3
r3_CAATAGTCCATA,8
r3_CACTTAGATGGG,10
r3_GACTCGCAGGCT,12
r3_GACCTCGTCAAC,9
r3_GTTATCTTATAA,3
r3_CGAGCAGTCAGA,4
r3_CCCCGAGTCAGC,10
r3_GCGTACCTGGAA,0
r3_GAAGACCGGCTC,2
r3_GTATCCCTCTGG,1
r3_GAGGTTGGTCCC,1
r3_GAACAGTCCGGT,2
r3_AGCTTTCCTATA,2
r3_TAAGCTTTGGCG,2
r3_CCTAGACAGACA,9
r3_GATCATGGCCAT,7
r3_GACCCACACTAT,2
r3_TATTTAAGGGCT,7
r3_CCGGAGGATAGG,0
r3_TTACATACGCTT,11
r3_CCTGCGAACACG,7
r3_AGAGACGAGCAT,9
r3_AAGAACATATCA,1
r3_CGGGACCTTATA,1
r3_TTGCTTGGTTCT,3
r3_AAATCACTTTCT,1
r3_GTTGGGCGGGTG,1
r3_TCCTATCCCTAG,4
r3_CAAGGGAAAATA,1
r3_TCATCTCAGATC,0
r3_TGGCATGAGTGG,0
r3_ATGTTCTACGTC,1
r3_TCGGAAGGGCGA,6
r3_AGTACTAGGGAG,9
r3_CAGCTTATTATG,0
r3_AGATCATTGGTT,2
r3_CGCTCTAAGTTA,9
r3_TAGGGGATCTCG,0
r3_TACGGATAATTT,1
r3_CGGGACACGTTC,3
r3_CTGTGCGGGAGA,2
r3_ATACATGTATCT,0
r3_GCCAGAAACCTC,10
r3_TAGAAGCTACGA,3
r3_GAGCTTTCAGAT,1
r3_CTGCAGGACGGC,0
r3_AATCAAAGGACG,9
r3_CCATGGATGACA,11
r3_TCGAGAAACAGG,0
r3_TCAGTCTGACAG,8
r3_TTCTCGGTAACT,4
r3_GAGACTAAATGC,4
r3_TGGCAGTTCCAA,1
r3_GGGACCGTTGTG,0
r3_TGCATTACACAT,11
r3_ACACCCGGGTTA,10
r3_TTATTTTTACAA,4
r3_CGCATGACGAGA,1
r3_ATGGCCGAGGTG,3
r3_GTAGTACTGAGG,0
r3_GCTATAAACTTT,3
r3_ATAGTTCCATGA,5
r3_CGCATCGGGCAT,8
r3_GGAAATTTTCTG,4
r3_CTGTCACCCTAT,7
r3_TTTACGCTTGGT,7
r3_GCGAGGGGATCT,1
r3_AGGTGTCAGAGC,4
r3_TTTTGGAGCACT,0
r3_TTTACAGAAAAG,4
r3_CACGACCAGTTA,9
r3_GCTTCACTTGAT,10
r3_GCGCAGGGTAGC,9
r3_CGTGCTATGAAA,7
r3_GAATCCAATTGT,1
r3_AGGGCCCGCCTC,1
r3_AACCGCGTCACT,16
r3_GCATGAGTCTGA,3
r3_ACCCAATAACTT,1
r3_GTCATGGTTTCG,8
r3_GAAGCGGCTACT,5
r3_GTAGGATACGCT,0
r3_CATCCTAAATGT,1
r3_GTACTAAATTTC,7
r3_GCAATTGAGTTT,5
r3_ATGGCTGCATAT,11
r3_TTTATGGTGTGC,1
r3_AGGTGCCGGTTA,0
r3_TAGACAATCACT,1
r3_CGCGCTCAGACC,0
r3_TACTAGGGATTT,6
r3_TACCCTTCCTAA,4
r3_TCATTTAGTCAT,5
r3_GGAGCATTGTGC,10
r3_TTAGTTATACCG,2
r3_CCGCAGCTTTGA,9
r3_TAGAGAGGGCTA,0
r3_GCCATTACTGAA,2
r3_TTCCAGAAATGT,12
r3_CGGCCAAGAAAC,2
r3_ATAGCGTCGACG,12
r3_GCGGAGACGTGT,7
r3_TAGGAATCAGAG,0
r3_TGTATAGTATGA,0
r3_CGAAGAGCAGCC,2
r3_AATGGACGGTGG,2
r3_CCTTCTTCCCCC,5
r3_ATTGAAGCCTGT,6
r3_CCCACGGAGTAT,11
r3_CGACACTAGTCT,2
r3_GTGGTATATTTT,0
r3_AGCTAGTCTGTA,5
r3_GAACTTAATTTC,7
r3_ATTGGATCTTTT,1
r3_CTTACCAATGTA,0
r3_CCTCTTGAGACT,13
r3_AGTTCCTCTCCC,5
r3_CTTGAGAATTGA,0
r3_TCGAAATCAGGA,7
r3_GAAAGGCAGGGC,2
r3_GCAAACTTAGTA,15
r3_GGCCTAGGGTTA,12
r3_CCATATATCACC,14
r3_ATCACTTATTCT,0
r3_GAACCATACTAC,5
r3_AGGTAGGGTAGA,2
r3_TTGGAGCCGGGC,0
r3_CGGCAAGCTAGG,0
r3_ATAAAATGATGA,5
r3_TCTGCGGGGCCT,0
r3_CCTGATCTCAAT,7
r3_CTTTCATTATTC,1
r3_CGTGGTGCCAGA,2
r3_AAAGTCTGTGGT,13
r3_ATACCTGAATAT,11
r3_TTAGCCACACGA,0
r3_CGTTACACGTCT,0
r3_AGCCACTCGTAT,0
r3_GAGCTTTACCAG,6
r3_GGATGACGATCG,0
r3_TATGCCGTGGGC,0
r3_CAGTAGACTTCA,0
r3_GGTCTGTGAGGA,0
r3_TAATCTATCATA,6
r3_ATAGGAATGAGG,0
r3_GGTTCTAGTTCT,7
r3_ACATCACCTCTA,6
r3_CGTGGGTTTATG,0
r3_AAATCGTGCAGC,15
r3_CCGGAGGTAAGG,0
r3_CGGCGGGGTGTC,5
r3_AGCTTCTTCTCT,0
r3_ACCCTCTTCCGA,0
r4_TGCCACATGGGC,0
r4_ATCGGCTACCGA,7
r4_TAGATATCTTAT,7
r4_CCTGGATTGTAC,7
r4_CGGTAATAGGAA,7
r4_CAACCGAATATA,2
r4_TGCGCACTTGTG,0
r4_ATTGACACTGGC,3
r4_GAAGCCAGGCGT,4
r4_GAATGTTCGACT,3
r4_CTTATCGTACCA,4
r4_CGATCTAGCATG,4
r4_CAAGCGACCAGA,3
r4_GCGTCCGCTACC,2
r4_CTCCATCCAGGG,4
r4_GATAAGCCGTCG,10
r4_GAAGTGTGTAGA,0
r4_GGCCTGAGTGCC,7
r4_ACGAGTTAGGTA,12
r4_TGATTTTGGTGC,7
r4_ACCCGCCAAAGA,11
r4_AGGTTGGAGTAC,11
r4_CCTATTGTAGCA,4
r4_CAGCTCGGTATG,10
r4_GTAGACTAGTGT,1
r4_TCCCCCTCATCC,4
r4_GGAGGACGGACC,10
r4_CCGTCGTGAATC,3
r4_GCGTATACTCAC,2
r4_ATTTTCCCCACA,7
r4_TCCGCATGCCGC,12
r4_CTAGATAATTGT,1
r4_CTCTTACCGTTG,2
r4_CATTATCTTCCT,1
r4_CGGAGTATCAAG,1
r4_CACTAAATCCTC,7
r4_ACATTCGCGAAG,10
r4_GACTGTATAAAT,2
r4_CATTGAACCAGT,7
r4_TAAGCTAGGTCC,12
r4_GGAAATTGAAGC,1
r4_ATACACATCACA,4
r4_TTACGGAGTGGA,0
r4_ATACCATGACTA,10
r4_ATTAGAGAGTCT,4
r4_CCCCTCTTACCT,1
r4_CAATAAGAACGC,4
r4_AAGATAGCTGCG,1
r4_GCAGTAGCACAT,0
r4_AGAAATTGGTCT,2
r4_GTGGATTTTTCC,1
r4_CCAATATCCAAA,1
r4_AGTTCGAAGGCA,10
r4_ATAGCACAGACT,2
r4_CGTCTGCTGTCA,3
r4_CCAGTGGTAATA,3
r4_GGCGCAGATGTG,9
r4_ATGTGCTGTAAA,11
r4_ACAATCCTGCAT,10
r4_AAGGTTACGTGC,2
r4_CAATAGAACTCG,3
r4_CACTTGCGCTGC,7
r4_GGCCACGAGCAG,8
r4_TGAAAACCCCTA,1
r4_GGGCTTGCCGCC,0
r4_GTCCTTAGTCGA,9
r4_AGCCTGAACAAT,1
r4_GCTACACCTGAG,2
r4_TCATTGTCCTCA,4
r4_GCAGAGACTGTG,16
r4_TCCTTCTCGCCC,3
r4_CGGCGGTTGGAG,2
r4_GTGACGCCAAAT,10
r4_AGGCAAGTATCC,1
r4_ACCCAAGATGAT,12
r4_AAGCGACTCATC,2
r4_AAACGCAGACAA,2
r4_CATGTTATCAAG,13
r4_CTTGTCCCTTCC,7
r4_AATGTACGGGAT,2
r4_CTCGATCCTCTC,1
r4_TAATACCAGCCA,0
r4_CAAGCCTCTGGG,11
r4_ACAAGAATGTCC,10
r4_TGACGTTAGCTG,11
r4_TTCATATCTGAG,0
r4_ATACCTTTCATC,10
r4_TATCACAGAAAT,14
r4_GAACCGTCGGTA,7
r4_GGATAGTCGAAC,9
r4_TAACAATACTTA,10
r4_CGGACGCAGTAG,10
r4_ATTCGCGGGCAA,1
r4_TCCGGTTACCGG,3
r4_CGAAAACCTCGA,10
r4_GTTGATAGGAAT,3
r4_AGAAACTGCTTC,2
r4_CATCAATCCTCT,12
r4_CACATAGTGCTA,10
r4_CAGCGGGGTTTT,5
r4_ACTTCTATAGAA,4
r4_AACTGATTATAC,1
r4_TAACCGGTGAAT,0
r4_TACTTAGTTCCC,0
r4_CATAAGGTTGGA,1
r4_GCTCCAAAGTAA,11
r4_ATACCACTGAGA,2
r4_GCGTGGCGATGC,2
r4_TATAGTCTGTCA,10
r4_GTGGGAGCTCGT,1
r4_CCAACCTTTGAT,13
r4_AACCGAATTATG,2
r4_AGAACATGCCCA,10
r4_TGTGGCGAAATA,0
r4_ATGCCGTCGTAA,2
r4_CAGGGACACTAG,2
r4_CTAGAGGCCTAC,1
r4_TTCGTTCCACCC,15
r4_CCATTCGAATCT,13
r4_ATTCTCCCTAGC,12
r4_AACTGACGGCTC,1
r4_GCTTACCGGATC,0
r4_TTGGAATTGAAG,4
r4_GGTTGGACGCGC,2
r4_GATCGCGAGCTA,12
r4_GTCCGCGCAGTT,4
r4_TAGGCCCCATAA,9
r4_CTAGACTCATCG,12
r4_GTACCCGCCATA,2
r4_ATCAAAGTTCGG,2
r4_AAGAAATCCTGC,2
r4_AGACACGTATGA,4
r4_AAGGATAGTCGT,14
r4_ATCATGGGCGTC,4
r4_ACTTTAGATCCA,3
r4_GGCAAACGACCC,7
r4_TACCTTTATTTG,4
r4_TTCCCACCGGCT,4
r4_TCCTAAATCCGA,3
r4_CCAGCTCCTGTA,3
r4_TATTCCTAAGGT,4
r4_CAAATAGTGTAC,4
r4_CATGTCGCTTTC,9
r4_GGATTAGATTTA,2
r4_CCAGTAGAACAA,1
r4_ACGGGAGCGCGA,9
r4_TCCTACGCTAGT,2
r4_AGGGCGAACTAC,2
r4_GTATTGCCTTCC,14
r4_ACGTAGCTGACA,3
r4_CCCCTAGCTTCT,9
r4_CTCCTCAGTAGA,1
r4_AAAGGAAAAGCG,9
r4_GTAAGACCTATC,10
r4_CCATAAGCAACC,1
r4_ACCGAAGATAGC,6
r4_ATTATATATCGG,14
r4_TATTTGTGAGTC,2
r4_GGCTCTTGGTCG,2
r4_CGTCAAGGAAGG,3
r4_GAGGAGGGGTAT,2
r4_GCGTAAAAGACA,4
r4_TGGGAGGTGCTC,2
r4_GCACACAGAGTC,6
r4_CCCGATGCCGTT,3
r4_ATGCAGGCGAGA,4
r4_TTGCTGTGTCTC,12
r4_ACCCATGATATT,3
r4_GATCCCAATGTA,16
r4_GACATACTGGCC,3
r4_CGACGTCTGCCC,0
r4_CGATCACCCAGT,4
r4_GATTGTGTGCGT,1
r4_CGCCCTACCCAG,3
r4_TTGTTAGACAAA,4
r4_CTGTAGTGAAGA,16
r4_TTCGCTATTTCC,3
r4_GCCTCCAGGTCG,9
r4_ATTAACATAGAT,1
r4_AACCCGCCGACA,0
r4_TCATTTGGTGTA,8
r4_GTATTGAGCCTT,1
r4_TTCAATAAGATG,2
r4_GTCACGTTTGTG,3
r4_CTACGGCTTACT,0
r4_TCTCGTGATTCA,11
r4_ACCGTGACCCAG,0
r4_AGAGAAATAATC,8
r4_TGTCAGTGGGCC,4
r4_GACGGCCTTAAA,3
r4_ACTTGGTGCCAT,4
r4_GTATTGTGTTTT,3
r4_TAACCCGGGTAC,3
r4_CGGACAGAGGGC,0
r4_ACGGGTGATAAA,13
r4_TGCGCTAAGGGC,0
r4_CTATTGGGGTTC,4
r4_GCGCTATGTATT,0
r4_GTGAAGGTTTTA,3
r4_CCGGAATTGCGT,10
r4_GGTGCTTCCGGC,2
r4_TGGCACTACGAG,1
r4_TCAGCCCTCGCT,0
r4_TCTGGTATTCTC,9
r4_GTAGTCGCCACC,2
r4_CCCAGCCTCTCC,9
r4_ATAAACACTTAC,1
r4_ACCCTATACCGC,3
r4_AGTTTACCAACT,2
r4_GTAGAGTCACCG,1
r4_ACATCCCATTAT,2
r4_CGATATCCAATC,1
r4_TGTCAGTTAAAG,1
r4_ACCTTGAGGGCT,6
r4_CCTAAGTAAATT,11
r4_CGAAGTAGTGAG,1
r4_TCTCCTGTGGCA,0
r4_CCCCTATCCCGA,12
r4_CATTGTCACAAG,2
r4_ACGTCCTGGCAT,4
r4_CCGGTGATCGAT,2
r4_CGCTAGTCAAGG,2
r4_ACCTGGGCAATA,13
r4_AGCGGATGGTGC,4
r4_ACTTAGAAGCGG,1
r4_AGATGGGATAGT,0
r4_CGTACATGGACC,2
r4_ACCCGCTCATAT,1
r4_GAAAATCTACTC,10
r4_GATTTGCAGTGC,2
r4_TCAACAAGAAAT,3
r4_GACGTACCTCTG,7
r4_ATCTTAGTGAAA,3
r4_GAGCTAGATATG,0
r4_CGAAGGACCATG,10
r4_AGGAATGGAGGA,2
r4_GGCACAGAGACA,2
r4_CTGAATGCTAGC,0
r4_AGACTTACGACT,1
r4_TACCCAGCCAGG,14
r4_GAGTCTTATGAT,3
r4_TCACAAATGGGT,8
r4_GAACGCCGCCGC,9
r4_CAACGAATCCGA,10
r4_GATTCGTACCGG,9
r4_GTCCTCAAACTT,5
r4_CGAGTTGTATGG,4
r4_ATGCGTGTGAAT,8
r4_CTATTAGCACTC,10
r4_GCACATCAAGTA,2
r4_GGTTCTTATGGA,0
r4_ATTAGTCCAGGC,2
r4_TCCTTCTTACAA,3
r4_CAGGCCGCTTCC,2
r4_GGTGCGTGATGT,5
r4_GTTACAGGCTAA,4
r4_GAGACGACGCAT,3
r4_ATGACGTCTAGG,1
r4_CCCTAGACTAGC,1
r4_TACACTTGGTAT,3
r4_CTATCATTAGTG,3
r4_TACCGAGCTGCA,10
r4_AACACCTTTGCT,3
r4_ACGGGCCCGATG,3
r4_TTACCTTCTTCG,3
r4_CTGTATACTATT,1
r4_CTCCTATCTTTC,1
r4_AACCTGCCGACA,4
r4_ACCAATGTGTTG,2
r4_GGCGCCTAGAAG,1
r4_ACGGATAAACTA,2
r4_CGAATTAGGGCT,1
r4_TAAGTGAGCTGG,1
r4_GTAAACAGTTCA,0
r4_AACTTGGGGCTT,2
r4_GTCGTTTAGCGT,3
r4_ACGGACTTTCTT,2
r4_TTAGATGGATAG,1
r4_GAGTGGTATTCT,0
r4_GCCCAGATATCT,6
r4_TGCGAATTACCC,3
r4_GGCAGGTGGATT,4
r4_GAAAACATCTGT,2
r4_TTGATTAGCATT,0
r4_GCGCTAGACTGA,1
r4_CCCTACGCCTCC,3
r4_TCGCTTTGGCGG,4
r4_GCGAGATTTTCT,0
r4_ACCAACACAGAC,3
r4_GCCTCCAGGTAC,0
r4_TTATTCGTTCCT,3
r4_CATTCATCTAGA,0
r4_ATCAGTTGCCCT,16
r4_TATGTTAAGGTA,1
r4_CCGGACGAGTTT,9
r4_AGTAAAGGCAGT,0
r4_GGTTTATTAGAC,2
r4_AAGGAAGCGAAT,5
r4_CGGTCCCATGCC,0
r4_GTCCATTACTCA,4
r4_CATCCCCCAATA,0
r4_CTAGCAAGTATT,13
r4_CTAACTGGCTCC,1
r4_GAAGAGGACTAC,8
r4_TACGATCTGCTA,1
r4_TCAAATAAGACT,6
r4_GCGTCCTGAGGG,2
r4_CATATCGATCCA,7
r4_AGCCTCTTCAAC,10
r4_CTACCGGACAGG,3
r4_AGCCACGAGGCA,1
r4_GGCAGTGGTTAG,6
r4_TGCCTAGAAAAA,4
r4_CTGCATGGTAGA,8
r4_CTTTCGTCGAGT,0
r4_GATCATCATGGA,8
r4_TGATAGGAGAGT,0
r4_CCTGGTAACACT,8
r4_TGCTGCACGCAC,4
r4_ACCAATACTAAT,13
r4_GGCACGAGCGAC,10
r4_GAGGCGAGCACT,0
r4_TAATTGACGAGC,0
r4_GTATATCGCTGT,5
r4_CAGATAGGTACC,0
r4_ACTATAGCATCG,8
r4_CCAAGCTGTTGA,0
r4_CGCTGTAAAGCA,0
r4_TCATAACGCAAG,1
r4_CCCCTACGAGTT,2
r4_CACTAGTATTCC,1
r4_CCGGGCGAGTAA,2
r4_AAAAGATGATGT,2
r4_ATTAGAATGTTT,0
r4_TCGTCCCATGAG,1
r4_CAGTTTGTTTCT,2
r4_CGGGATCCATAG,2
r4_TTAGATCCGCTG,8
r4_CGAAGCCTTAAA,1
r4_AGGGGTCAAAAA,2
r4_TGTGGCCATGAT,1
r4_ATGATGATATTT,1
r4_TCACCCTAACTA,14
r4_CTTAGGCGCTAT,9
r4_AGGTTATTTTGT,0
r4_GACTGCGGCCAG,7
r4_TTGCGCCCATCC,6
r4_CCATTCTCTCAT,0
r4_AAGTGGTGAAAT,7
r4_GTATCCAAATTC,1
r4_GTCCTTGTGACA,0
r4_CGCTGCATGGTG,2
r4_TGTCTGTGTTAT,0
r4_TGTTGCTCGTAT,8
r4_TAACATGCAACC,1
r4_GACACACGTTAA,9
r4_TACATCCCTTTA,4
r4_GCAGTGTTAAAA,3
r4_GATTGGAGCAGG,12
r4_CTCAATAGCGCG,3
r4_AGGAACTTTTCT,0
r4_CTAGCTATCGGG,10
r4_ATCTTACGGTAA,8
r4_GAAAGGCTATTT,5
r4_TGGTCATAATGT,4
r4_GTCAGAAATATT,3
r4_GGAATGACCCCC,1
r4_TCGGCGGGCGCC,7
r4_TAATTATACCGT,6
r4_CGGCTCGCTTCA,2
r4_GTCTACCTTTGA,0
r4_AACACTTGTCGC,9
r4_GGCTTCTAACGA,12
r4_CCGTCTGGGTAC,3
r4_CCCCGACGACTT,0
r4_TTTCGTAACACA,3
r4_GTCGGTGTTAGT,8
r4_ACAATGTGGATT,2
r4_GAGTGTATTACT,1
r4_CTCACCAGATTG,4
r4_TCAACGATTGCG,0
r4_AAGGAGTCTTTT,0
r4_TTCCGGCAGTAG,3
r4_GCCGGCTAGTAG,0
r4_TAGTCATAAGAT,1
r4_GAGCTTTTGACA,0
r4_GGATCCCCATCA,14
r4_CTCAAAGATCCA,1
r4_CGGATGGCTAGC,2
r4_CTAAGTGACCTT,13
r4_TTGCCCTACCGC,0
r4_CTCAGTCCGTGT,6
r4_AATGTGTGAAAA,8
r4_TAGGAATACGAG,9
r4_TGCATAAGCAAG,16
r4_ATACCGCGACTA,0
r4_GCCCAATTAAGT,5
r4_GTTGAATAGATA,13
r4_TTTTTCTAGGCA,0
r4_TTGATTCTCGCG,2
r4_CACCGCCGTAGA,5
r4_ACAGGTTCGTGC,0
r4_AATAGTGAAGTA,3
r4_TGCATCCGTGGA,3
r4_AGTGTTTCTGTA,3
r4_CTACTAAATTTG,8
r4_AATCCACCGAGC,13
r4_CTTTATACATTT,5
r4_GCTGTTCATAAT,1
r4_GACTTCAACGAA,3
r4_GTGTTTAGGGAG,0
r4_TCCCCGAAGTCC,8
r4_GGTAATACATTC,6
r4_TGTGCTTTTTTG,8
r4_GAAGAACTGTAG,3
r4_TAACATAAACTA,0
r4_AATCGCTTTAAA,2
r4_TGAGATGAACCT,2
r4_CTATGACGATCC,0
r4_CCGCTTACTGTG,6
r4_CCATAAGAGCCC,3
r4_CTCGACTAGCTA,1
r4_CAAATCGGTTGT,3
r4_GCTGACTCAGGA,9
r4_GTCCTATCGCTT,0
r4_GAACGCGTGAGA,2
r4_CATAGAGTTCCG,1
r4_AGATGTCGCTCA,2
r4_GACTTTACACGC,5
r4_CGCCCCCGTTGA,1
r4_TGGACAGGGCCG,8
r4_GGCTATCTCTTG,5
r4_TGAAGTCGGCAG,0
r4_CCTCACAGGATC,5
r4_CAAGGGTGCAAA,6
r4_CCGTAATGGATA,8
r4_CCGAGAGTTTTT,5
r4_CCTCCTTAAAGG,3
r4_TTATTCCATCGT,0
r4_TCGGTTTGCACT,3
r4_TTGTTTGCGAGG,0
r4_AGTGATCTTTTG,0
r4_GTAGCCCTCTTC,9
r4_CATTTCATTAGT,6
r4_AGGGACACAAGC,1
r4_ACGCTACTGCGA,3
r4_TCTTGACGTCAA,2
r4_TGAACATTCGGC,5
r4_AGTAGGACTAAT,3
r4_TGCACCAATGCC,3
r4_AAGAGGATTTAT,5
r4_AGACAGTCCTGT,8
r4_TTGAATCTACAT,2
r4_GTGAGTTATGGC,3
r4_CGGCGTCAGTGG,4
r4_CGCCCTGTTTGT,0
r4_CGTAGATGCCTT,8
r4_TACTGATGAAGG,2
r4_AGGCATGATATC,1
r4_AGAAGTCTCGAG,2
r4_TACCGATTGTCA,1
r4_CCCTTCTCTCGC,0
r4_GGTTATTACCCT,1
r4_TTGCTGGGCATT,8
r4_CCATTTTCTAGG,8
r4_GGCGAAGTGCAA,8
r4_ACTAATCCAGGA,9
r4_TCATGCAACTCG,3
r4_AAAGACCCGTGA,0
r4_GGTCCTTGTTTA,8
r4_GGAAGTTCCTCG,0
r4_GTTATCCGGCTC,0
r4_GCAGGAGAGATT,3
r4_ATCACTAGGTCC,2
r4_AATACGAACTAC,0
r4_CTTGAGGATGGT,9
r4_ATCTACTAACTC,2
r4_ACATGTACAGTA,0
r4_GTATTGACTGAT,1
r4_TACGTATCGCAA,2
r4_ATACTTTTTAGT,6
r4_ACCCTAATAGGC,5
r4_ACAGCCAAATCC,5
r4_TACCTTGACGGA,5
r4_ATACGCATTAGC,4
r4_GTATCTCTGTTC,3
r4_GACATCAAACAG,2
r4_TGAACACCCTAT,6
r4_CGACAAAGTCTC,0
r4_GTGTAGGCCAGA,3
r4_TGCGGGGATCAC,0
r4_AAGTAGCTCATA,3
r4_GTCAAGGGAACT,5
r4_GGACGTATATCC,6
r4_GCGTATCCCCAT,1
r4_ATCGTACGAGTA,3
r4_CCGCTCCTCTTT,2
r4_ACAAGCCATCTG,0
r4_CCTAAAGAGTGT,5
r4_ATGAGCATCCCC,1
r4_CTACCCCGTAAT,13
r4_CCTAGTCCCGGG,5
r4_TTCCAGATGTAA,6
r4_GATTCACCACGT,7
r4_AGATAACATTAG,1
r4_ACGAGTCCGGGC,0
r4_CTCGTATGTCTA,5
r4_GAAGGCCAATCT,5
r4_GGACTATCGGAA,0
r4_TGAGACACTTGC,0
r4_CCACCTCGTTTA,5
r4_GGGCGTCAGATG,0
r4_CCTGATAAGTAT,1
r4_TGTTGCAAGCAT,6
r4_ATGGCTGTATAA,2
r4_CAGAAGTAAACC,5
r4_TGGCGGTGGCTA,6
r4_ACTAGTAGAGCA,2
r4_TCCTCCAGTGCG,6
r4_AGCCACATGGGC,0
r4_TCCTCCCCTTTA,2
r4_AAAGTCTTAATT,8
r4_CAATTTACTCTC,6
r4_GTCTTCCAGGCC,0
r4_GCCCCCGAGGGA,2
r4_AGCACCAGTTTG,0
r4_CGTCTTAGGGCG,8
r4_ATTTAGTGTCCA,9
r4_CCGTGGCCTTGT,5
r4_TGTCCCTTCTCA,0
r4_TCCATGGTGAGA,2
r4_ATGTGTTGACGC,2
r4_TCGCTATGTTCA,6
r4_CTCACCCGCGAT,1
r4_GAGAAAGGCAGC,3
r4_GCCGAACTCATC,2
r4_CCGCTACCCGGT,2
r4_TCCATTCCTACA,0
r4_AGCTTCGTGTGT,0
r4_ATCTACCTAGCG,6
r4_GAGGTGAGTAAT,0
r4_TAAAGGCTGCTC,13
r4_ATACCTTTTCTG,6
r4_GGCCTCTACTGA,9
r4_AAGGGAACCCTC,6
r4_TTATCCGTGTCT,0
r4_CCGTCCTGCGCA,9
r4_GGGACCGCATCC,13
r4_ACATGGCCGTAG,5
r4_TCTCTCATTCCA,2
r4_CTTTACAAACTT,2
r4_GATATAGAGGTT,0
r4_TAACATATAGTG,0
r4_GTCAAGACTGGT,0
r4_CTATACCTAGGA,0
r4_CTAACTACGTCA,2
r4_TATCCAGTGATT,6
r4_AACTGGTAGATT,0
r4_AGAAAGCGAAGC,3
r4_TCCTTCATCCGA,2
r4_CTCCCTTCATAT,6
r4_CACGCATTCGTT,0
r4_GTGTATACGTGA,0
r4_GACTGTTGTACT,0
r4_GAACGCAAACTA,5
r4_GATAAATTGCGC,8
r4_ACAAAGTCAATG,0
r4_CGTCATTCAAAC,5
r4_TGTCAAATCTAA,6
r4_TTCCTAGGATAG,2
r4_GCCCCAGCTCCA,0
r4_ATGCCCTCCCCC,0
r4_ATCGACACATAT,6
r4_GCCCGGCGGCTT,0
r4_TCAAAACCAGGC,15
r4_TCCCCCGCTGAC,0
r4_ATCTCTATTGCG,6
r4_TAAGTATGTGTT,0
r4_GTTAATCGCTCG,0
r4_CTCACGTACGTC,5
r4_CGCTGAGGGCCT,6
r4_CTCCATCGATTA,5
r4_CTCTGTGTAAGT,13
r4_CTTACGCGCTCC,12
r4_CCGAGAGATCCG,0
r4_AGACACGCATAA,5
r4_TGAACATACAGC,2
r4_ACTCATTCAAGT,6
r4_TACGAGTTACTA,5
r4_CTCTTGTTAACT,1
r4_CAGGGTATTTGA,5
r4_TCGACACGGCTT,2
r4_TGAGCTTGGAAA,0
r4_TATCAGGACCTC,6
r4_CCCCGAATCTTA,6
r4_TTATTACCCGTT,0
r4_GGGTGACGAACG,0
r4_GGCTTCTCACTT,0
r4_AAGAACAAACGC,2
r4_GCGTCTCTAGCA,14
r4_GTTGCCGGGATT,5
r4_GAGATCACCGGA,16
r4_GGTAGTCGCAGT,0
r4_CAACACCTAGGA,6
r4_TTAAACCGACGT,6
r4_CGTGTCGTGTGA,0
r4_CTGAAATGTCAG,6
r4_TCCACAATGCAT,9
r4_CATGTCTGCAAG,0
r5_GTCTTGTAGTCC,7
r5_TTCTCACGAAAC,1
r5_CCGCCGACATAC,7
r5_CCGTCCTCTGAG,1
r5_TCGTCGCACGAG,7
r5_TAACAATGCGGA,7
r5_TCAGACCTCAAG,7
r5_GTGCCACCCATT,3
r5_CGGACGCAGATC,15
r5_TTAGGTTGTAGC,7
r5_AGGAAGATCCGT,3
r5_GCTTGGCCATGG,7
r5_CTTCACCAAATT,11
r5_GAATCCGGTACA,3
r5_CAGATCAGGGTA,7
r5_TCTCGAGCTCAG,4
r5_GATTCTTCAGGA,0
r5_TTCGTTGTGCCC,10
r5_GATCCTGGTAGC,10
r5_GTAGCCACACGA,2
r5_CACGCCTATGAC,4
r5_CGTTTCGTCCGA,0
r5_GCTTATGTTATC,7
r5_TGCATGGAATGT,7
r5_ACTGCGCCGCAC,3
r5_AAAAAGTATCGC,11
r5_TGAGGCGCCACT,9
r5_CGTGCCACTCGT,16
r5_ACGACCCAACTA,7
r5_ATGCCGACATCC,2
r5_GAAATAGCGTGT,1
r5_GCTGACGGCCCA,1
r5_AGGCGTTCTACA,0
r5_GCGGTGCAATTC,3
r5_CAATTCAGCCAC,11
r5_CGACCCCTATCC,3
r5_ATGGAAAAGTTC,7
r5_ACTCAGCATACC,4
r5_AAGCATGTGTAA,7
r5_TGTGAGTGACAT,4
r5_CTCCGGCTCGCC,1
r5_GAATCAACCTGG,3
r5_AGGGAGAGAGGG,7
r5_GTAGAAGTAAGC,1
r5_GGCGTCTTCCCC,0
r5_AATGCCGTTTTT,7
r5_CATAAGGAAGGT,10
r5_GTGGCGTTTTGA,3
r5_GCACCTCATTGA,4
r5_GTCATGCTGACT,3
r5_TAGACCAATAGA,2
r5_AGGTCACAAGTC,3
r5_CAACATGTTTAT,0
r5_CCTAATTTGTAG,0
r5_CGAACATCGCTG,10
r5_TCCGTGAGCCGA,3
r5_CCGAGGCGCCGT,1
r5_CTTCTTTCGAGC,12
r5_GGCATAGCAAGC,3
r5_CATAAGCGGTGA,3
r5_TTCGCTTTATGA,4
r5_CCCGCACTAGAA,4
r5_TACCCGGCTCGG,2
r5_AGGGACTACTGA,7
r5_ACAGAGCCTTCT,3
r5_CGCTCTGAGGAA,4
r5_ATTCGCTCGTGC,4
r5_AGTCCGGGGGTG,3
r5_ACTGGAGAAGCC,0
r5_TTACATGGAGTC,3
r5_CTAGGGTATAAC,3
r5_GCAATACGTACG,7
r5_GAAAGATGAGGC,7
r5_GAAACTCGGCAA,4
r5_GAGCGTGACTCG,4
r5_TTGGATGCTCTC,0
r5_ATCGTTGGTCTT,10
r5_TCTGACACATTC,7
r5_TGGGGTCGAAAT,1
r5_GGCTGCATACAT,2
r5_TCGATAGCCAGT,8
r5_GCTTTGGTCGGA,5
r5_CCACCAGTTTGC,1
r5_CTCCAACAATCG,1
r5_GAAGTCGCTGGG,4
r5_GAACTTGCAGAA,2
r5_GCCCGTTCCTGA,1
r5_GAGCCCGTAAAA,2
r5_GCGCCGTTTTGG,1
r5_CATGCGCGCCAC,7
r5_TCGCTGTGTGAA,4
r5_GACCCAGGCTGA,9
r5_GCTACCCAGAAG,9
r5_TAAGCAAGCAAT,6
r5_AACTTAGACAGC,1
r5_AGTTGTTCCAGG,3
r5_CTTGGAGCAAGT,0
r5_CATCCGACAGCA,3
r5_TGCTTATCCAAA,11
r5_CACATTCACGCA,3
r5_TTCTTTGTCGCA,3
r5_ACGCGTCTGCCC,13
r5_GCGTTTTTGGAT,4
r5_GACCCGCGCCTA,11
r5_ACGAAAGGGCTA,2
r5_GGATGACATACC,11
r5_CAAGCCGGTATC,3
r5_GTACGGTGTCAT,6
r5_CTGTCTGTGAAA,1
r5_AAACCGCCTGAC,4
r5_GTTTTACACACA,9
r5_GAAGTCGACATT,11
r5_ATCGGCGATATG,2
r5_TGTTCCGGATTC,3
r5_CAAACCCTAGGT,2
r5_CAGAGCGCAATG,1
r5_GAACCCGACACT,10
r5_CCCCGGTGAAAT,9
r5_CAACCCGCGTGC,3
r5_CACATAGTGCTT,9
r5_TGCTGGCGTTAT,6
r5_TGTGCATGTGCC,3
r5_CCCTGGCGGAGC,1
r5_GGGCAGCAGATC,1
r5_GAACTACCGCAC,2
r5_ATCCAGACCCGC,4
r5_GTTAGTCATCCC,4
r5_GGTATCAGTACC,3
r5_CTCGGTGTCTTT,1
r5_TCCCTATTGGAG,4
r5_ACGTAGCATCCA,4
r5_AGTGGCGTGCCA,10
r5_GACATAGCACTT,1
r5_AAGCATTCTCGG,4
r5_ATCGGTGTCCCC,3
r5_GACATCGAAGCT,1
r5_GACTTGAACTTT,4
r5_GACTCGTTTTAA,1
r5_AATTACAATACG,7
r5_CACCTTCTCTCG,12
r5_CAACGGCTCCCT,7
r5_TGTGATTTCGAG,3
r5_GCTTGGTACAAT,11
r5_ACAGCGGCAAAT,3
r5_GGCCATAGGAGC,2
r5_TAACTAACCCAG,10
r5_TTGTGTGGGTAG,3
r5_GGGGCCAGACGC,3
r5_GTGTCGGGTTGA,2
r5_TTACTGAAAAGA,4
r5_ACTGTTAATGAG,4
r5_CGACCCATAAAA,0
r5_CCTGAATTCGTG,0
r5_ATTCGGATGGCT,2
r5_AAATAGGTCCTC,4
r5_TGGCCCTAGGCC,0
r5_CTGCAAGGGGCA,2
r5_TTATGGTGGAAT,10
r5_CTATCCGTCGGG,10
r5_TATCCGCACCGA,9
r5_ATGGTTAGAGTG,10
r5_CCCCACGCGCTT,0
r5_GGTAACGATGCT,3
r5_GAACCTAGGGGC,0
r5_ATTTGTTTCTGA,4
r5_GGTGTGAATTCC,0
r5_GGGTGTAGAGAC,4
r5_TACAGTTCAACC,8
r5_CGTCTTGGCCTG,1
r5_AACTTTATCGTT,1
r5_GAACGACCCCGC,4
r5_CACGAATCACGG,1
r5_TTTTCACCCAGC,14
r5_CAGTTATTATGG,12
r5_GCGCAGTCACTT,9
r5_GCGAGACTCAAT,10
r5_AGCTATAGTGCG,0
r5_GAAGGTTTTGTT,0
r5_ACGTGGGAGGCA,6
r5_TGCCTCTACCCG,4
r5_TACTTTTCCGGC,1
r5_AGACAAAGGTTC,8
r5_GTTGGCCGGTAC,1
r5_GGACCCGGACAA,2
r5_AACCCGATTGAT,10
r5_GCATGTGCTCAA,1
r5_CATCTGTATATT,1
r5_CCCCCCGCAGAG,1
r5_TGGTTAGGAAAA,10
r5_GTTAGACCTCAT,7
r5_CAGATGTTCCGT,13
r5_TAGACTGTCTCG,9
r5_ATGTTGAGCGTA,0
r5_CATCCCCCGACA,4
r5_AGTCGTCTCCCT,1
r5_TGTACACCACAG,3
r5_GAAAACGATATT,0
r5_GAACCACCTTAT,5
r5_GTGTAGTACATC,12
r5_CGCATAACCACA,14
r5_CAATTTCTGTAC,3
r5_ATGCGACATACG,10
r5_ACTTTGCATGTG,1
r5_GCGATGAAGGTT,4
r5_TCCAATTTCATT,1
r5_AACTGCATACGG,1
r5_CTCCCTGGCGGA,0
r5_ATATGCAAACTT,3
r5_CAACCGCGTGCA,0
r5_AGTGTGAGGTCC,7
r5_CTAAACTTGCCT,4
r5_TCAGAGTCGCCA,1
r5_AAGACAAAAGAA,1
r5_AGCAATGCTCAC,0
r5_TAGCCTAGTTAC,3
r5_CTTCGCTATAAC,1
r5_ACGTGGCTCTAT,0
r5_CCCCCTTTTACT,10
r5_AGCCGTGTAACG,2
r5_CCTCAACCGGTG,2
r5_CAGATACACGGA,3
r5_TACAGTTTAGAG,13
r5_AGCGGTGTGTCC,0
r5_CCCAGTTTTTTG,3
r5_AAAGCTGTCTCC,2
r5_CAGTGACCGATT,3
r5_CCAGCTCCGTAC,10
r5_AGGTTAGAGCAA,1
r5_AATCCAATGACC,8
r5_TATAGGCCGCCA,0
r5_AATTCACAGGCG,0
r5_TTGCAGGCTGTC,0
r5_GTACAACATTAT,6
r5_CAGCGCCTCTCT,3
r5_GAGCTGTCGAGA,12
r5_TTAAGACCGCGA,9
r5_TCTTAAGATGTG,2
r5_TAACAGTCATGT,1
r5_TCGTTCGTAGAA,0
r5_CTGTAGCCTGGA,4
r5_GACGATAAACCC,1
r5_GGCCGGTGTTCT,2
r5_TCCTTCTCGCCA,2
r5_ACATGCGGGTTT,10
r5_CTTTGCAGTTAA,1
r5_AGTTCCAGCCGC,8
r5_CTGACAAGAGAT,7
r5_CTGGTGCAGTAA,10
r5_GCTAGGTATTAT,0
r5_ATCGGATACTAA,2
r5_GCACTCTATAAT,2
r5_ACATACACCGTA,9
r5_CAACCGATATTA,1
r5_TTGAAACGGAGC,12
r5_GACCCAATATCT,0
r5_AGCACACGAGAT,2
r5_CTGCAGCACTGT,9
r5_ACGATCAGCCCG,14
r5_TGTATGCATGCC,9
r5_TTCTATATAGTC,10
r5_GACCATACACCA,8
r5_CCACCTATGTAA,0
r5_CTTCTGGGTGGG,9
r5_TAGCGAGCCAGA,3
r5_ATTGTGCACCCG,2
r5_GGATGGGATTGT,0
r5_TTATCTGTGCGC,5
r5_CTACCTGCTTTA,1
r5_GCCCTTAAGAGG,1
r5_GTTGTGTGGCCG,2
r5_CCCGATGATGCT,2
r5_CCCGGGAAGTCG,9
r5_GGTCATTCATCT,1
r5_ATTCCTTGAGAT,2
r5_TGCCATTTATGT,3
r5_CTGATTGGCGAC,0
r5_CCTTATAGTCCT,1
r5_GCTCCATTAAGT,2
r5_TGGAGCACGTAG,0
r5_TGAGGTAGCGTA,0
r5_GGCCTTACCAGC,5
r5_GTCCTACACGAA,9
r5_CCTTCCTCGCCT,2
r5_CCGTAATATACT,0
r5_CCGAGCCGCCAT,0
r5_AGTCAACAATCC,1
r5_TTTTCGCGTGCA,2
r5_TTCACCCGTTTC,0
r5_TATGAAGGTTCC,0
r5_TGCGGGTTGTAT,9
r5_GAGACAAGTAGC,0
r5_ACTCTGATAGTT,1
r5_TCGAACTAAAAG,2
r5_TCACGCTGAGAC,0
r5_TGTCCCTAGGTG,2
r5_GACAGCTCTTTG,2
r5_GGGATTCCAGAT,0
r5_CTCGTCAACAGT,0
r5_GTATGCTAACCT,2
r5_CTGTTCGGTTTT,0
r5_ACAATAATGTGC,7
r5_GCATGTCTAGGG,2
r5_TGGAAATGTACT,0
r5_CCCTGACCTTAG,2
r5_TAGGATTCACTC,1
r5_GGGTGCGCTGTG,1
r5_GAAGGGCGTGTT,5
r5_GGATTTCGAGTG,0
r5_TGGTCTGTAGGC,0
r5_TACAACGACAGC,12
r5_CTTGACTTCAGT,9
r5_CCCTTTCACGGG,0
r5_GGGATGTTGTTT,0
r5_CACGTGTTCCCA,9
r5_AAGGTCAGGTTA,5
r5_AAGTCCTTGCTA,6
r5_ATTCGCCTATGA,0
r5_CACGATGGTTAC,0
r5_GTCAGGCACTGT,0
r5_GTGTCAACTTAC,0
r5_TCTCCCTATGGG,9
r5_TTTTCGTAACGA,12
r5_CATCGCGCCGTA,0
r5_TCAACTTTTAGT,2
r5_TCCCATCAACTC,0
r5_ACGGAGCCTATG,0
r5_TGCTAAGGAGCA,6
r5_TAGCCACTCAGT,2
r5_CCCCGGCCCCGA,0
r5_CCCGCGGAGCAC,0
r5_GACTCCCCAACA,0
r5_TTCCTCATCTAC,6
r5_ACTTAACTTCCT,13
r5_GAGACCAAACCC,2
r5_TAGCTGTCCGAC,0
r5_CTGATTACCCCA,8
r5_GGAAGGTGATAT,9
r5_TGATTCTTACTA,13
r5_AATTGACTGGTG,2
r5_ACGTGACCTGTT,0
r5_TACTGACTAGTC,2
r5_CCATGTACAGAG,0
r5_CCATCAAAATTC,11
r5_TATAACAGTTCC,0
r5_TTCTCGACACTA,5
r5_AGCTCCGGTACT,7
r5_AGAGAGTGGGAC,0
r5_CCCATATCAAAA,2
r5_ATCCGAGGTCTA,0
r5_CTGCACCGGGAC,2
r5_TATTTGGTGAAT,9
r5_ACGGCTCATCCC,0
r5_CGTCGTCCGCAT,6
r5_TAAATGATGGAC,0
r5_TAGGACGGCGCA,14
r5_CTCTATAACCTT,0
r5_GTTGAAGTGAAG,0
r5_TCCTTGATAATT,0
r5_CCGGGCAAATAG,0
r5_ATCTCCTCCTCT,2
r6_ACAGATTGGAAC,7
r6_CAGAATAGGCTT,7
r6_GCTGGAGTTTCA,7
r6_TAACGTCTGGTT,2
r6_GAAATCAACAGT,7
r6_CCAAACTGATCA,7
r6_CTTTGCAAGGTA,7
r6_TTAGTGCCGACC,2
r6_GGTCGACAACAA,11
r6_ATTAGCCCAATA,3
r6_CAGAGTGGTAAC,1
r6_CACTGGCAACAC,1
r6_GATAACTTAAGC,7
r6_TTACTGCAGTGG,7
r6_ACCCCACCGACG,12
r6_GGTCTCGTCGGT,4
r6_ACCCCAACATCT,2
r6_GCCGAGGTCGAA,11
r6_GAATGGGCACCA,0
r6_TGGACAGTGTTA,11
r6_GAGACGAGGGTC,6
r6_TCGGTATTATTC,2
r6_TACAGGATGGTC,12
r6_TACAACACAATA,11
r6_GTCGTATGTGTC,2
r6_CAGCATCCTCAG,4
r6_TAGTTGTGACTG,3
r6_TCCGGTATTCAC,0
r6_CCATTTACCGGC,12
r6_CACGGGTACCCG,12
r6_CATCAAGAACCG,11
r6_CCTAGACCAGAA,2
r6_TATCGGACGTCT,12
r6_TTGTTTTTTCGG,10
r6_CAGTGTGTAGAT,10
r6_CTTATCTAAATC,10
r6_CTCTGCGAATAG,7
r6_AAACCTCTAGAT,1
r6_GAACTCCTCCAA,0
r6_CATGTAACATTA,10
r6_ATTGATAATGTC,7
r6_ACTCCCCCACAC,7
r6_ACGCCAGCACCT,10
r6_CGATAATTCCGT,2
r6_AAGCTATCCCAA,11
r6_TATCTTGCGCTG,4
r6_TCCAGCTCATTC,11
r6_CACGATGGATCA,0
r6_GTTGACATTCCA,1
r6_TACGCTGTCGAG,3
r6_GGCACCCACTAA,2
r6_CCTCAAATTCCC,13
r6_TGTTAATTGCCT,10
r6_TCGCGATTGTAC,0
r6_CGCTGGGCCGAT,4
r6_GCCGACCATTAT,4
r6_AAACCCGTGTAG,9
r6_TGCATGTCTACC,4
r6_TTACGATGAAGG,12
r6_GGCCTCAGGAAT,3
r6_AAGTCCCATATA,3
r6_TGACTCGGATAC,4
r6_TAATCACTTAAC,3
r6_CAAGCGGCACAT,11
r6_TGTCAGTCTTTA,7
r6_TTGACGCCAAGT,7
r6_CCATGATGTTAA,8
r6_AAGAATAATTAC,1
r6_CCCTGAGACTCA,3
r6_TCGTCGACGTAG,7
r6_AGCTCCCCAGCA,4
r6_GTCGGACCTGGC,10
r6_TTTAGTGGCAAC,0
r6_GCCTCCGTCGGG,1
r6_CATGACGGACAG,3
r6_AGCTGTCACGCA,4
r6_CCTCTTGGTCAA,4
r6_ACCATACGTCGC,1
r6_TTTAGCTCCGAT,7
r6_GGAGCTGTGTGT,1
r6_TGGCGTCCCGGC,3
r6_GTATTAGGGATC,4
r6_GGTGTTATCAGG,3
r6_GACTTCAGAATT,4
r6_GTTCATTGACCA,9
r6_CGTGTTATTGTG,9
r6_CAGGAAGGACAT,0
r6_CCCTACCCTCTC,4
r6_TAGATCGCTTGT,12
r6_AACAGAACCACT,3
r6_GGCCTATGTCCC,9
r6_TCTATATGCCCG,9
r6_GCCATCGTTTTG,1
r6_AAATGCAAAATG,3
r6_GGTAGTTTCTAG,4
r6_CCGGTCTCGCGT,3
r6_ACACTAGTCGGC,3
r6_CATCCCGCATTG,1
r6_TGCCGTGCAAGA,1
r6_TACCTTACGTAA,7
r6_GTAGAATTCCAT,4
r6_AGGCTCGTAGTT,2
r6_TAGCTAGTCTCG,10
r6_CTTTACAATGGC,8
r6_CAGTTCTAACCG,4
r6_AATCGGTGACGG,3
r6_GCCTATGCCCGC,3
r6_ACGGCCTTGCGA,3
r6_GTGACATTAATT,10
r6_CGACCATTATCC,1
r6_CTGTTCCGTATC,6
r6_AGCATCTGTTAG,9
r6_AATCGTAAGACA,1
r6_GCATGGCTAGTA,3
r6_GAGCAATCAGAT,1
r6_AGGCTTGCACGA,1
r6_GTCCAGCCGGGA,3
r6_ACACCTCCTTGT,8
r6_GCTTATCAAGAC,11
r6_TTACAGAATTCT,8
r6_GTGTCGCCAGCG,10
r6_GAGATCTTAGTC,3
r6_TTGTACCTATTG,3
r6_TAACAGATTAGC,10
r6_CTGCCGGTCCAG,4
r6_GCTTTTCGGCCT,1
r6_TCTCTGAGCCTC,3
r6_CGCCTCGGATCG,4
r6_ACACGTACAGAA,0
r6_GTCGGCACAACC,16
r6_AAACGGATTCAG,1
r6_AGCACAACATTA,1
r6_GAGCTGACGATA,3
r6_AGAGTGGACGCT,2
r6_GGTGCACGCGCC,12
r6_CAATACTGCTAT,0
r6_ACTAAGCTACGC,14
r6_GCTGAACTACTA,0
r6_GTAATCCCGGGT,0
r6_GTATGTCTCATA,3
r6_CCCGTTGCTTAC,0
r6_CCCTTCACAACA,0
r6_TTGGAATGGTGT,2
r6_TTCTGGCGGCGA,2
r6_AGCACAAATCGT,0
r6_CAGCCTAGTGAA,3
r6_ACCACATCAATA,13
r6_GCTTGTGACAAC,2
r6_CGCGCTGAACAT,0
r6_TGGAGCTTGTCG,5
r6_CACAGTCTAAAT,2
r6_ATATATCGCCCC,8
r6_ATTGGCCCCTCC,4
r6_GTTGCTACAGAA,3
r6_GTACCGACATGG,7
r6_AGTAAATGGGAT,9
r6_CTGTGCCCACCT,9
r6_GACGGGTGATGA,1
r6_CGGCCTGTTGAT,10
r6_GAGTAGCTATGG,1
r6_ATCAGCCCGGGG,3
r6_TCGCCTCAAACG,9
r6_TCACTTTTCTGC,6
r6_GCACCATTGGGC,4
r6_CTTCCTGATCAT,1
r6_CCTATCCAGATA,2
r6_CCGTCCCATCGG,12
r6_AGATCGGCGTCT,1
r6_TTGTGATGGTAC,1
r6_GGAATTTTTTCT,0
r6_GCAGATACGATA,1
r6_CACCTGTTGTCA,1
r6_AATATAGGATGT,1
r6_CGCAAGTACCGG,1
r6_TCATCCTCGTAG,3
r6_TAAGAGAGTGGC,1
r6_GCCAAGTAAGGC,13
r6_AATTCCAGATAG,2
r6_ACCATGCCCCCT,0
r6_GGAGAAGAGTTG,1
r6_ATAATACCAGGG,1
r6_CGATACGCGAGA,1
r6_CAGTCAAGGACG,3
r6_GCTATCAAGGTT,8
r6_CTCCTCCCCGTG,3
r6_GTTAAGAGCGAC,10
r6_GAACTGCTGAGT,1
r6_CGACGATATGTC,3
r6_GACTTAGCTACA,4
r6_GTGTGTTCGAGC,2
r6_CTAACGATTACT,0
r6_GCTTCGACAGGG,1
r6_CCTTAACATTCT,1
r6_AGTCGATTGGGG,10
r6_CCACCTTATGTT,3
r6_TACTGCCCGCTA,2
r6_GTCTCCCTATGC,10
r6_AAATCGATACGT,1
r6_CGCTGTCACTGG,2
r6_CCGCATTATTCC,2
r6_ATCAGGTCAGTC,1
r6_CATTCCATGTGC,9
r6_GCAACCTCTATC,8
r6_GGGCCGGACCTC,0
r6_GGCGTTAAGGGG,8
r6_GCGCTTCACAGA,6
r6_TTCTTCTCTGTC,0
r6_GTCCTAGCATTC,6
r6_AAAAAGCAATAG,4
r6_CTCCAATATGCA,9
r6_CCACTTGCACGG,3
r6_CGTAGTGTATTC,1
r6_GCGCTTTGCGCC,14
r6_CCAGCCGGCTCT,16
r6_GAGGGCATGGTT,2
r6_GTTTTATACGAG,1
r6_AGGAGGAGTGGT,3
r6_ACCTGTCAACTC,2
r6_TTCGTTCTAGAA,5
r6_CCAGAGAATATC,10
r6_GTGTTCTATAGG,3
r6_CGCTAACATATC,3
r6_CTGTGCCCCGCC,4
r6_CGAGTAATAACC,3
r6_GTCAAGTAAGCA,9
r6_TGTCCACGTTCA,4
r6_ATTCTACGACTA,0
r6_ACGGTATTCAAG,6
r6_CCTTTCCTCCCG,1
r6_CCCAAGGGTTGG,3
r6_CAATCAGAACAT,3
r6_ATGTCTGGCTTA,4
r6_ACCTGGCCTTCC,7
r6_GGTAGACGCCGT,0
r6_CCGAGCGTCAGT,1
r6_AACTCAGACGTG,2
r6_CGTGCGTACCCT,1
r6_GCAGGTTGGGTG,1
r6_AAGAGAGCCTAG,14
r6_AATTGAGCTATT,2
r6_TTGTATGCCAGG,3
r6_ACCAGTTGTCAT,3
r6_GGCCCTCGACCG,1
r6_ATTACAATATGC,3
r6_ATGAGATTATCA,6
r6_GTAGTACTGATG,11
r6_GTGCGTTGTCCC,1
r6_AGTCTTGGAGGA,2
r6_GCATTGCCTGCG,0
r6_CACCGTCCTCCT,1
r6_GGTATTCTAGAT,1
r6_TTGTCACCTTTT,1
r6_CCGTTTAGAAGC,3
r6_GGCGTGGACACA,0
r6_CCTTCTAGGCCA,2
r6_ACCAAGTTTACG,1
r6_CGTCCGCTTGCG,14
r6_CTAGAAGCCAGC,12
r6_ATGCCCGCACAT,8
r6_CACGAGCGGACG,2
r6_CAACTTATCCCG,1
r6_GTAGTACGAGAA,3
r6_CGTCCTAGATAC,7
r6_TGCAAGTTCGTT,4
r6_GTCCGCTGTCAG,9
r6_CGACTGTCTCGT,3
r6_TACACACATAAG,3
r6_AGATCTTGGAGC,5
r6_ATCGGCGCTCAC,2
r6_CCTCCGTGCAGG,2
r6_AGGAACAATATC,3
r6_TACTTTCCTGTT,5
r6_AGCTCTGGAACG,3
r6_CCGAAACACGGG,12
r6_AGTCCGTGGAGC,8
r6_TATCCTACAGGA,2
r6_ACCGAAAGTATA,12
r6_CACCCGGAAGGC,3
r6_ATTGTCTGGTGA,10
r6_ATGCCCCTGAGC,10
r6_GTGCAGGCGAAG,1
r6_GTTCCTGAAGTA,0
r6_GAAGCCTTGATT,2
r6_CCAGGCTTATGT,0
r6_GAGCACGTCTAT,1
r6_CCGGTGCCTCTG,4
r6_CTGGAATCGCCA,13
r6_TGCCAACTCGCT,1
r6_GCACGAAATTAA,2
r6_TCGGGATGTTTA,10
r6_AACCACGCGGCC,3
r6_TTTCAAGAACCG,10
r6_TGTTGTCTGCTT,6
r6_ACCTGACCTGAT,3
r6_GTGTTCGATTAA,1
r6_CGGATTCGACCT,1
r6_TACACTTAGTGG,2
r6_GCCATGGATAGG,13
r6_CCGTATCCGATG,1
r6_AAAATGGACAGC,4
r6_CCCTTCTCTAAG,3
r6_ACCGGGCGGATG,4
r6_GCTCCCTCAGGA,4
r6_TGTGCCATACGT,3
r6_TTCCTGTACCTT,4
r6_GGGTCCTTGCAC,3
r6_CCACCTTCAGGA,0
r6_AGAGAACCACTA,3
r6_GGCAGGCTCCTC,2
r6_CAGGCCCCATTG,8
r6_CAACGCAGCCAG,1
r6_ACGTTTTATCCA,6
r6_TGCTTGTCCCAG,8
r6_TCTCAGAATGAC,14
r6_GCGATTGTTAGT,0
r6_GACGACCCTGAG,3
r6_TATGCCCAGGCA,0
r6_AGCAATTAAAGG,8
r6_AAATGATGCCCG,1
r6_ATTAGTCTGCGA,3
r6_AGTACACGAACT,5
r6_CGAACTTGAGTT,1
r6_GTAGACTAAGGT,0
r6_CCCAACGCGCGC,5
r6_AGTCATTCTTGG,2
r6_AGAATGTGGAAA,3
r6_CAATTACGCATC,3
r6_GTTAGAACTGTT,1
r6_GTCGGGCAACAT,3
r6_GCGGCCTACGTA,0
r6_TAGCATCGAGCA,0
r6_GGTGGTTTCGCG,2
r6_CGGCCAACAATA,5
r6_CCCTAATTATTT,0
r6_GGTCATAAACGC,3
r6_TCATAAGACAGT,1
r6_CCCTTCTCAATT,3
r6_TAGTTGGTTCTA,8
r6_TAACAGCCGGGG,10
r6_TGCTAAGAGGTA,3
r6_GATGTGTCAGCT,1
r6_TGACACTTTTGC,0
r6_ATAGCAGACCAG,2
r6_CGCATTTTTCCG,10
r6_CGCAGCAGGGAA,0
r6_GTTGGATTGACA,1
r6_GAGTGCAAAGCC,0
r6_CACCAAATACTT,0
r6_AGGCCTTAGGGG,3
r6_AAATTTGCTGGT,1
r6_AACCTAAGCAGA,2
r6_GGTGATGAGCAG,3
r6_GGCCGAGTAGTT,9
r6_GATCTGCCCAAG,3
r6_GTAGCGCCGCCA,3
r6_ATTAGTGAAGTA,1
r6_TCATTGCTGCAG,1
r6_GACTGTCCCAAG,8
r6_GGGCTCCGGCTA,0
r6_GTTAATGTGCGG,1
r6_ACGAACGCGTAT,0
r6_ATTTGTGTCCGC,3
r6_TTGAACTTGCCC,0
r6_CGCTTGGCGTCG,1
r6_CTCTGGTCCTAA,4
r6_GGCGCAACTACG,3
r6_CCATTGCTTCGC,0
r6_CATCCTCGCCCC,3
r6_GCTCGTGAGATT,8
r6_GTAGAACCTCTC,3
r6_GTGGTCAGAGGG,11
r6_ATTCTTTCAAAG,0
r6_AACTAACTGGAG,2
r6_ACTGTACTGTAA,0
r6_CCATCGATACAT,1
r6_GACTACAGTTGA,1
r6_CAGGCCTTACTG,16
r6_GAAGGAGACACT,1
r6_CGAGAAATATAA,1
r6_GTCATATCACCA,1
r6_TCTCTTCCAAGT,9
r6_CGCCCTCCTGTG,0
r6_TTGTGAGCCCTG,3
r6_CCCCGGATATTA,5
r6_CTCTCGGTGAGA,1
r6_CCGTTTGGGTGA,4
r6_AAGTAACCTCAG,5
r6_TCCCGCCCAAAT,9
r6_TCACCATTAGAA,0
r6_TATGCAAAGAAG,8
r6_CTCTAGTCTGCC,0
r6_TATTCTTGCTCG,14
r6_CTCGCCGAACGG,13
r6_CCCTAGTCACTA,4
r6_TCCCTCAAATAC,0
r6_GGATTTATTGGG,2
r6_TTGACAGGATGC,3
r6_ATAGAGCCAAAT,0
r6_CCGATGCTGCCT,9
r6_CAGTCTGTTCAT,2
r6_ATATATATAACA,9
r6_ACTGCAGGTTGG,12
r6_AACATACTTAAT,9
r6_CTTGTGGCTTCT,14
r6_GAACATAATGTT,8
r6_TGGAGCCCTCCC,1
r6_CTAAGGGCTGTT,8
r6_CATCCTGTCCGT,14
r6_GCAATAATCTAA,8
r6_TGGAACACAAAA,2
r6_GAAGCAGGTGCA,0
r6_CCGTCGACCGGT,8
r6_TAGTATGAGCGT,3
r6_GCCCATTTACCC,14
r6_GCTTCTCCTGGG,1
r6_GTCATTATACAC,3
r6_ATCCTGGATTAA,8
r6_TATCGATACTCT,0
r6_TTACGGAGTTCG,0
r6_TGACGTATATGG,0
r6_CCTTGGGAGGTG,1
r6_GTGGCTAAGTCT,0
r6_ATGAAACACTAC,12
r6_CCACAGCCGTAA,1
r6_CGGTGAATCATA,1
r6_AAGTCTCAAAGT,0
r6_GGCAACGGGTCC,3
r6_GTCTGAATTAAT,1
r6_GAAATCGCAGAC,2
r6_CAAGCCCTTTGA,14
r6_GCCATCACAACT,0
r6_AAGGGTTTGAGA,1
r6_TCGGTGTGGACT,0
r6_ATGTAAGCGTAC,8
r6_CAACGTGTATAA,3
r6_TAGTACACTTAA,8
r6_GGCTTTTCGCTT,5
r6_CAGCTCCATCGG,2
r6_CAGACAACCCTA,3
r6_CCCGGAGATAAT,8
r6_CCGTTAAAGCTC,5
r6_GACTAGGCCGCC,13
r6_GCAATCTGCGCT,1
r6_TCAAAAAGATAG,3
r6_TGACACTGACGT,3
r6_CGGAGTAAACCA,0
r6_CCGGACGCATGA,16
r6_CCGTTTCGGATT,3
r6_ACGGCAACATCC,9
r6_AGCTAATGCGCC,1
r6_CCTTAAATTATC,3
r6_TGGCAATATACT,13
r6_CCGGCACTGAGT,5
r6_CTGAATAAGACC,4
r6_TGAGATGTTCGG,12
r6_CACTTACCTGTG,0
r6_CGGCCACCGCTA,1
r6_TTATACTTTTTT,12
r6_AGTGGACGTACG,0
r6_TCTTAAGCCATC,1
r6_CATCCATTTCTT,2
r6_AGTGTTCCGCTC,0
r6_AGTTGTGTCTGT,0
r6_CATTGTGTAGCT,5
r6_CCACGGGCACTG,0
r6_GGGAGATAGTAT,0
r6_ATCCCTATGTTG,5
r6_CACGACCCCGGC,2
r6_CTGACGGATGCA,3
r6_GTGTTCTCAAGT,5
r6_CAAACATAAAGA,8
r6_ATTGCACAGACG,0
r6_TTGTATCCGCAT,8
r6_GGTTATGTGGCT,0
r6_TAGGTATGATCG,5
r6_TCGGCGCGGCCT,1
r6_GGAATCTGTTGC,3
r6_TGTAACGAGGGG,4
r6_ACCACGGGCGTC,5
r6_TTAGCTCTCACC,0
r6_AGCGGCCTCTTG,6
r6_CAACATCAGTCT,1
r6_GTAGATAAGACG,13
r6_GAGGGAACAGGG,3
r6_CCACTTAACAGA,1
r6_TGACACAGGAAC,2
r6_TGAATTCATTGC,1
r6_ACATAAGTAACA,5
r6_ACCCGGAGATTC,14
r6_ATATGCGTCCAG,3
r6_CTGTTCTGTGTG,3
r6_TACGTTCCCGGG,0
r6_TTCCCTGAATAG,3
r6_CTGAAGTGGTCC,13
r6_GGTCATTGAAGC,3
r6_TGTCAGTTTTTC,0
r6_AAGACTTCATGC,5
r6_GGAACCTTCTTT,8
r6_AACTATCATTCG,10
r6_AACCGAGTCGCA,1
r6_ATTTCAGAAGCA,0
r6_TACCACACATCA,1
r6_GTTTCCCGCGGG,7
r6_CGTCGTGCCCGC,3
r6_TGAATTACTACT,2
r6_GAATTAAGGTCT,2
r6_ATCAGCCGCTAA,9
r6_GTACGACCGGTA,0
r6_GGGCGATTAGCG,13
r6_ATATTGCGTCGC,1
r6_GAAGTAATTCCT,1
r6_CATCTATTCCCT,2
r6_GGAAAGACCTGT,0
r6_CAGAAGAGCCTA,0
r6_TAGCATTTTACT,3
r6_CAGGTTAGTTGC,0
r6_TACGGCACGTGA,7
r6_CTGTATTACAAC,1
r6_AACCAGTAGTGA,2
r6_ACCAGGCTTCCG,5
r6_CCCCGATTGCTT,2
r6_TGCTCATTCCCT,1
r6_CACTTAGGTGAG,2
r6_TGACATGAACCA,0
r6_AAGTTATCGGCT,14
r6_CCTGGTATCGGG,6
r6_GCTAAAATAAGG,1
r6_CTTGCCGATCAC,3
r6_TGGGCCCCTTGT,0
r6_GGCTTCTGCCCA,8
r6_GACCCCTCGTAG,5
r6_TTCCCGACGGTA,2
r6_CTAGCCATGTAC,0
r6_TCAACCTCTTGT,0
r6_GCCATGTTCGCA,6
r6_CGAGGTATAGAA,2
r6_CGCGTAGGTATG,3
r6_GGAGTTGATCGC,3
r6_ATGTTAGGTCTA,0
r6_CCATGTGGCTAT,8
r6_TCGCGCTACATT,1
r6_AGAAAGATATTA,8
r6_GTTAAGAACAAC,0
r6_GGTGAACTGATA,14
r6_TTAAGCTGGGTA,5
r6_AGCGGAGAATGT,1
r6_ACCTTACGATAG,8
r6_GCCAAGCAGTGA,5
r6_TGCGTTAGGTGA,0
r6_GCACCTGTCACT,8
r6_GCTTCCAGAGAC,2
r6_AGAGCCGACCCC,8
r6_CTAGAACTAGTG,1
r6_GCCTCAGGTGAA,1
r6_CCCACAGAACAG,0
r6_ACGACCGCCGGC,14
r6_GCCACAACGAAA,5
r6_TCCCGTGCCGTT,1
r6_CCGACCCGCGTT,1
r6_ACCACCGCACAT,2
r6_ATTGAAAAATGC,8
r6_CTCGTGGACACG,3
r6_ACAGCAATGTGC,0
r6_CCGTGAATTTGT,0
r6_AAGAGGGGCGAG,1
r6_CATATCATTTCG,2
r6_ACAGCCGTAATG,0
r6_CCCCATTGTGTT,1
r6_CTTGTTTGCATG,7
r6_GACGCATTCTTC,2
r6_CCGGTCGGCACA,5
r6_AGTACGCATATG,2
r6_CGTCCCCAGCTA,5
r6_TAACAATGGCGT,0
r6_TAAGGGAAACGA,3
r6_TTATCGCAAAGA,2
r6_TCATCCCCTCAT,2
r6_CCAATTGACTAT,0
r6_TCACACGGGCAC,1
r6_AGGATCGTCACA,2
r6_CCCATCTCGAGT,2
r6_CAGCATGGCTAA,9
r6_TCATCGAGCTGG,0
r6_GGACACCTCCCG,0
r6_TGGAACAGGTAT,0
r6_GTACAGGTTTTC,0
r6_CCCAGGGACGAC,2
r6_TACGCAATTACG,0
r6_CCGAGCTACCTC,0
r6_AGACGCCATATA,0
r6_GATTGCTTTGTC,8
r6_ACTACACGTTCG,6
r6_GCACAACGGGGC,6
r6_GCATGGTCCGAA,0
r6_TAGGATATCCAT,0
r6_CTTAAATATGCC,1
r6_AGATGATTACGT,7
r6_GACAGTGGAATG,1
r6_GACTTAACACTA,10
r6_ACCGCGGTGCAT,0
r6_TGGAGTGGGAAT,6
r6_CAAACCCCCCTC,4
r6_GATAACACGCGT,2
r6_CAACACTTTTGA,3
r6_AGTGGCTTATTT,5
r6_CCGCTCTTCCAT,5
r6_GCGCTCCTCGAC,2
r6_ACCTAAATAATT,6
r6_AATTGATAGTAA,2
r6_TTCTTACTTGTT,1
r6_CGATTCTAGTCT,2
r6_CCGTAGTGCGCA,1
r6_ACAGACGATAAT,6
r6_GGGTGTGGGCAA,12
r6_ATATTACATCGC,2
r6_GAAGGGCGCCTG,9
r6_GTGTGGAGTCGT,0
r6_CCTCGGCGGGGT,0
r6_ATCAGGTAGTAG,2
r6_ACCAGGTTATCG,0
r6_TGTGCACCTGTT,8
r6_GTTCTGAAATCG,5
r6_GCGACATTCTAA,0
r6_ACCAAAGTAAGG,6
r6_TACGCCAAAGCG,7
r6_GCAACTTACCGT,4
r6_ATCAAGTTTGTC,0
r6_AGTTATGGACGC,0
r6_GAGTAGAGGCTC,9
r6_TCTCATCGAGTT,0
r6_GGCACACGTATA,5
r6_ACTCACACTGAC,1
r6_CCACCCATCACC,0
r6_AAGATCGAATGC,6
r6_TGCGCAGCATCC,2
r6_CCGATCGTGTTT,1
r6_TAGCCGGCGTAA,6
r6_CCCCTCCCACGT,1
r6_GACAATAGAGTC,0
r6_GTAGCCTTGATC,0
r6_CCACGGTCACGC,0
r6_AAGTGCCCATCA,5
r6_GACGCCGCATCG,1
r6_CGCCTATGAACT,3
r6_TTTATCATCTCG,0
r6_TGAAACTAAGTT,2
r6_GTCGACACACCC,5
r6_GTGGGTTTAGTT,3
r6_GGTTTTTAGGAG,5
r6_ATACGGGTGACA,0
r6_ACTACGCTAATG,0
r6_TAAGTGACATTC,1
r6_TGACTATGCTGC,5
r6_CGTTCGTGTCTA,0
r6_CCCCTTGGACAC,1
r6_GCCCACGCTTAA,5
r6_CGGCGTAAATTC,13
r6_GAAAGCTATAGG,0
r6_ACGTTCTCTCTC,0
r6_GACCATGGTAGC,2
r6_ATTTTCCGAGAT,2
r6_TATAGATACTAT,6
r6_AGGAAACCTCGG,0
r6_TTAATCGCACTT,2
r6_CCCCCAGCATGG,0
r6_CACGCATGAAAC,0
r6_GAATCGTCTTAG,0
r6_CCGGCATTAGGC,5
r6_TGCGGGGCTTTC,1
r6_AGAGAATGAACG,0
r6_ACTGACTTATGC,0
r6_CGACCACGAAAT,2
r6_ATATCATCCCCC,13
r6_GTGAATAGAAGG,5
r6_GTTTCCTTAGTG,2
r6_CATGAGTCCTAT,2
r6_GGCCGATGGCAT,13
r6_GAATGAAGTTGT,0
r6_AACTAACTGGAA,2
r6_ATTAAGTCTGTA,12
r6_CGATAGCTTTAT,6
r6_ACGACTTACATG,0
r6_GCAACACCATTG,0
r6_GCAGAAAAGGGC,9
r6_TCATTAAAGTTC,1
r6_AGGTGTCAGTAG,5
r6_TGCGACTGGGCT,2
r6_CTACGTCCTTTA,0
r6_CACTCAGGCTAT,0
r6_CATAATCATACC,0
r6_AGTGTACCCTGT,0
r6_AGTGGGCCATGG,0
r6_GGACCGCCTCCC,0
r6_CAGGTAAGGTCT,0
r6_TCCCTGACGCTT,0
r6_TAGTGCCTTCTC,6
r6_GATTCCATCGAT,6
r6_GTTGGATAATCT,1
r6_ACCAAAGGCTTC,6
r6_GCATCTTTACCT,2
r6_GAAACTCTACAC,0
r6_GCTTCCTTTATC,5
r6_ACCAATACATGT,0
r6_CTAGGTGTGGTT,0
r6_AGCTACTCGCGC,0
r6_CAACAGCACGGA,2
r6_CCGACGCTTATG,5
r6_GAGAGATTCTTC,5
r6_CTACTTCCCAGG,6
r6_CCAAGAGGTGGC,1
r6_ACACAGTGTAAG,0
r6_ACCTGGGCGGCT,0
r6_AGAATTACCCCT,0
r6_TTACCCGAATTA,0
r6_AGGTTGCCTAGT,0
r6_GCTTCTCTCGTT,5
r6_CGACACTGCCTT,7
r6_CGGCCTAGATTC,0
r6_ACACGGACCCGG,0
r6_CAACGCCGGCTA,0
r6_TGATTCCCGAGT,5
r6_GGGGTTCGCCCA,12
r6_GCTACTGCAGTC,6
r6_TGCGTTGGCTGA,6
r6_GGGCATTTAAGG,0
r6_ATCGTCAATAGG,6
r6_CTCGGGCGTTTT,0
r6_CATTGTTCGAAC,2
r6_CAGTATGTGCCT,13
r6_GTTGGTGAATTG,0
r6_ATCCCGGAAGGC,0
r6_ACATCATTGCTA,6
r6_GGACGGGCCAAG,0
r6_GACAATGCGTTA,5
r6_CGGTTATAGGAT,0
r6_GGTTATAGTAGT,0
r6_TACGCCCCGAAC,6
r6_GGGCGACGACCC,5
r6_CGCGGTTAACCT,0
r6_TTTCACTTTGAG,5
r6_TCACATGTTAAA,5
r6_TGACTGAGATAG,5
r6_ATGACACTTTCC,0
r6_CGATTCGTCGAA,5
r6_CGAGTGAACGCT,6
r6_CGGCTGAAATAC,0
r6_GCAACTTATTCC,0
r6_AGATAGCTCCGT,0
r6_AGGTTTATACAT,0
r6_AGTAACATACCA,5
r6_TGTTAAGTGGAT,0
r6_CTGAGCCACGAA,2
r6_TTACCGCTAGAC,6
r6_AGGGCCTTTTGA,0
r6_CAGGCACTAACT,6
r6_ACGCCAAGAAGC,6
r6_ATTCCTTAGGAA,0
r6_GTTAGTGCGTCT,0
r6_CAACGCTATTAC,0
r6_CGTCTCCTTACG,0
r6_ACCATCTTACTC,2
r6_CGCGTCAATCCC,0
r6_TGGTGTCGGCAT,0
r6_TTCGGTCGAACT,0
r6_GAGTCATAGGGC,0
r6_GTTGTCACGTAA,0
r6_AACCATAAGTGT,0
r6_ACTCGGTGCATT,6
r6_TCCTTCTACAGG,5
r6_CTATCCCGCCTG,2
r6_TGAGCCGAATCA,0
r6_TCAACGTGAGCG,7
r6_ACTTCGCTGTCA,6
r6_AGACGGGCCCGT,0
r6_AACATCAGCTAA,2
r6_GCGACAAACACT,6
r6_CCTGGAGTTTGA,0
r6_CAATCGTATACG,6
r6_GATCCGCGAGAT,6
r6_GCGCCTGACTGC,0
r6_GGTGAAGCGAGC,2
r6_ACATCAACCGTC,0
r6_TAGAAGACTATA,0
r6_ACGATTCTCCAT,6
r6_GCCACATTAAGC,0
r6_CCCAGTGTGAAT,2
r6_AGGCGTTTAACA,6
r6_ACCACTTAAATA,13
r6_CTACTCACAGGC,0
r6_CAATAACGTCCC,0
r6_GTCGGAATCAGC,0
r6_GAATCCTAAATC,0
r6_GAGATCGCATAC,5
r6_GCGAGTGAATTG,0
r6_TTAGTTCGACCC,6
r6_ACATCACAATTC,0
r6_CCGATGACTATT,6
p1_CCGCTCTAAAAG,2
p1_CGGCACAGTGGA,7
p1_CCCGCTCGGATG,2
p1_GTTCCAACGAGA,12
p1_AAGGGCGACTGC,2
p1_CTAAGATTTGAC,1
p1_ACCTCCTACTTT,7
p1_TGACCATCCCAT,2
p1_CTCCCGAATTGC,1
p1_GCATATGCTCTT,1
p1_CGTTTCGGACTT,4
p1_CGGTCGCATGGA,1
p1_TGCAGCTTCGAT,4
p1_TAGTACGAATAA,1
p1_AGCGACCCCTGG,2
p1_GTCGCTGCGTGA,2
p1_CCATGTCCTAGG,3
p1_ATTCGCCGTTAG,2
p1_TGAGATAAACTT,2
p1_CTCGTTAACTCT,1
p1_GTGAGCCTAGAT,12
p1_GTACAACGTAGC,7
p1_GAGATGCAACTA,1
p1_TCACGACGTTCA,2
p1_GATTACAAGACT,2
p1_ATCCGTGACTCT,3
p1_GAGTGAACTTTG,7
p1_CGATCCTGCACC,2
p1_TTGCCGGAACTC,1
p1_GTAAGTCAACAT,8
p1_TATGCGTTAGTC,12
p1_TGTCTCAACGAT,4
p1_TAGGGATCAAGA,12
p1_CCCAGCCGTAAC,0
p1_CTGGTCATAATT,1
p1_TCTGGCTTCCGA,7
p1_AGCAGCACGTAT,2
p1_ATTGCCACGGGG,9
p1_GGCTACACCTCG,1
p1_TTACCACACCTA,1
p1_TCAGTCACGGTC,12
p1_TGAGACTTTAGC,12
p1_TCCACAAATCTA,1
p1_TCCTATTCATGC,1
p1_GTCACAATAGTT,4
p1_CTAGTCAATATG,6
p1_ACCTACCCACCA,6
p1_CTGGAATCCCCG,2
p1_GAAGTCTGAAGA,1
p1_CGTACACGGCTG,1
p1_TGAACTTGAACC,2
p1_CTCCAACCGCAC,8
p1_TTGAGAAACTCA,4
p1_AATAGAGGTCTC,1
p1_CGCTATATGATG,1
p1_GGAAGCCCTGCC,0
p1_CCGTATAAGCGG,0
p1_GTATGAAACCAA,0
p1_CATATTTCTCAC,0
p1_TTCGATCCAGAG,2
p1_TTATGATATATG,4
p1_GCGCACACAAAG,12
p1_ATCGTGTGGCAA,0
p1_CGACTCGCCTCA,0
p1_CGACTTCGGACC,1
p1_TAACCTTAACTT,5
p1_TTCTCCACCTCC,11
p1_CGATTATTGACA,7
p1_ATAGGACACGTC,2
p1_ATATTCATCCAA,0
p1_CGCTTTATTCTT,3
p1_AGGAAACCATAG,12
p1_CCATCTGTATAC,12
p1_TTCGCCAGAATG,9
p1_GGCTGAAAGAAC,11
p1_TGCCAAAGAATT,9
p1_TCTACAGGTTGT,2
p1_ATCTAGTCATCC,7
p1_GTGCAATATAAT,2
p1_GGTACTCACATG,3
p1_GGTCCTGACAAA,9
p1_AATAAGCCGGCG,1
p1_GGCACTCACCCG,7
p1_ATTCACCTTATC,0
p1_CAGCAATACGAA,1
p1_ATCGGCAGCCAG,2
p1_TTATTCATCCAC,1
p1_TAGAAGCGGCCC,2
p1_GGAGCATGGACA,1
p1_TTTCACACAGCG,4
p1_ATTGGCAGGTCG,7
p1_ACGCGTTCTTAG,0
p1_TGCTAGGCTGTA,12
p1_ATTTTACCGGGT,0
p1_CATCCCTACTGT,7
p1_AACCGATTGCCT,1
p1_CGCGACTCGGAC,8
p1_TGTCCTGCTCAG,9
p1_GCTTCTGGAGAG,4
p1_ATTACTCACGAC,1
p1_AACAGACTGGAG,1
p1_TAATCAATAATC,11
p1_GGCAGCCAAGAG,7
p1_CGTGGTAACCCC,1
p1_ACCTCCCCCTAC,9
p1_TTGGATCGCAGC,4
p1_GGGTCCGAATCA,7
p1_AGACGACCGTAG,1
p1_CGTAGCAAGATG,11
p1_CTCACCGCAGGC,2
p1_GATGCAACAGCT,3
p1_AGACCCATTCAG,10
p1_CTTTCTTCAATA,1
p1_GTCTGATCGGGA,12
p1_ACGAGCAGCAAT,2
p1_TCATAGCGTACG,4
p1_GATCCTTCTTCT,4
p1_ATATATTGCTAT,1
p1_ACGGCCCTGTAA,1
p1_GTCATTAGCGAG,1
p1_CTGTAGAGCAGG,2
p1_TATATACACATC,0
p1_CCCTTGAGTAGG,4
p1_GTCAAGCAGACT,0
p1_TTATCGGATAAC,4
p1_CTAGGGTCAGGT,2
p1_CGCTCCTAAAGC,4
p1_GTCTCCGTCATT,0
p1_ATACTTCTGCTC,3
p1_CTTACACATCTG,4
p1_TATAGAGGCAGA,3
p1_GGACTAATCTAA,2
p1_CTCCTTCAGTAG,2
p1_AGTCTTTGCTCA,0
p1_CTATCGTGAGAA,0
p1_CCCAGTTAGGTA,0
p1_TACGCACAGACA,4
p1_AGCGACGTGACT,2
p1_CCCTCCCACGGT,2
p1_TGTGAGTCAGGA,12
p1_GCATAGAGTCCT,6
p1_GGTTAGTTTAAC,4
p1_ACAAAAAGAACG,0
p1_AGAACGGTTTTC,4
p1_GTCTCCGTCATC,0
p1_CCATACTATAAT,1
p1_CTCTTGGGTTGC,7
p1_GAACACTTTAAT,0
p1_TGGAAGACAGGA,10
p1_CCATTCCCGGGG,2
p1_GACAAATGGGTC,7
p1_TGTAAAGCCTAC,0
p1_AGAATGACCCTA,1
p1_CGTAGGCTTTTC,0
p1_GGCGGGCGATGA,2
p1_GTATGATACGCA,4
p1_CAAACAACGTAT,0
p1_GAGCCTAGCCTG,1
p1_GTCTCCGTCATG,0
p1_GTCGGACAAAAT,2
p1_CAGCCGTAGTTT,4
p1_GTTAGGTCGTGT,8
p1_TACGAACAATAG,2
p1_CGACTCTATAAG,7
p1_ATGGGCCGTCTC,10
p1_AGGCCGGCTCTC,2
p1_CCCCACAGCTAC,1
p1_TGTTCGCTTGCA,2
p1_CTATCTAAGTGA,2
p1_ACATAGGCCCAC,1
p1_GAGTCTTTAGGT,3
p1_TAAGTCACGGCG,1
p1_ACGGACGGGCGT,13
p1_ATGCATCGAAGA,7
p1_GCTCACGCGTAG,1
p1_TAAAATCCTCAT,1
p1_TAGTCAGCACCC,1
p1_ATTAACAGGCGA,1
p1_GTCTCCGTCATA,0
p1_CGCTATAGGGAC,1
p1_TTAGGGGTTAAA,2
p1_ACCCTCCGTATG,1
p1_GTCGACTCGACT,4
p1_ATCAAACGAGTA,1
p1_ACAACAAGCACG,10
p1_AGCACCAGAGCA,9
p1_CGCTTCGGGATT,1
p1_CGGCACAGAGGA,7
p1_ACTCGTAATAAG,4
p1_TGCCCGGAACGC,1
p1_CCTCGACGGGCG,1
p1_ATTCGCTAAAGT,3
p1_ATTTAACAAGGC,1
p1_CAATTCGGGTCA,1
p1_CTCCGGCGTGGT,0
p1_AGTGCTATTGGA,9
p1_AAGTCCTAAAGC,4
p1_TACGTCCTCTAC,2
p1_TTGACAAGCATG,0
p1_ATCCTGAATGGT,3
p1_ACTATGCGCTCA,1
p1_GGTTTCGCAAAG,14
p1_GGTCCAGCGGGG,2
p1_GGTAGATGACCT,0
p1_CAATGGCATCAA,5
p1_CGCAAAGGATGT,3
p1_ACCCCGGGCGAC,0
p1_ATATGCCTGGTT,3
p1_CAGTGTCCAGGC,7
p1_CCGTCGACAAGC,4
p1_CTGCAGCCGCCT,4
p1_AGCTGTTTGAGC,1
p1_ACACAGTTTCGG,6
p1_CGCCGAACGTCC,4
p1_GATACAGGCAAA,11
p1_AACCGGCCAAGG,8
p1_CATATAGCTAAT,11
p1_CATGGATGGCAC,4
p1_GCTAGCACCAGA,10
p1_ACCCCTCCAAAG,2
p1_GACTCGATTGCT,4
p1_GAGCCTGAATCG,10
p1_ATCCTGACGCAC,3
p1_AAATAGCACTCT,0
p1_GACGAAGCTAAT,3
p1_CGCCGAACCCCG,3
p1_CATCTGTACAAG,14
p1_TTTGAACTAGGC,1
p1_CTTTGGCCCAGT,5
p1_ACATTTTCTCTG,2
p1_TCAACCCAATGC,4
p1_GAAGAGAGGTAA,0
p1_TACAGATGTAAA,2
p1_ACGGCTTACTGT,2
p1_TAGCTCCTTCAT,1
p1_CACGGGCTCAAT,13
p1_GCACGGTAGGCC,1
p1_GCTGAGGTTAGC,10
p1_GCGTGCACGTCT,1
p1_CTTGTCCTCCGT,1
p1_GGACCTGCGATG,5
p1_TTGTAGTAACCT,1
p1_GGGGTCCTGCTT,3
p1_CCGTTAAAGATA,7
p1_GGGGCGACAGTT,2
p1_GAGCTATGTTAT,1
p1_TCCCATGCGTAA,12
p1_GTCTCAGGGCCA,0
p1_CATCCACTGGTC,5
p1_CTTCACGGTCAA,1
p1_TTTAGTTGAGCC,2
p1_GACCATAGCTCG,0
p1_TTACGAACTGCC,5
p1_GCTAAGACGACC,3
p1_CCTATAGCCCCG,2
p1_ACCATAGTAAGA,0
p1_TGGGCGGGAACC,4
p1_AAAACAAGCCTC,3
p1_GAGGGAAATCGA,0
p1_ACCCATACAGAA,8
p1_ACAAGCACAGCA,13
p1_GGAATACCTTGG,1
p1_CCCGTAAGTGGA,0
p1_TGCCGTAAGGAT,1
p1_CAAGCACCTCTA,2
p1_CGTTATTGCTCG,1
p1_TGTATCATTACA,0
p1_GGCACACCAGGT,1
p1_GCGTCATACAGG,8
p1_GGGCGTAATATC,0
p1_AGTTTAGGTCCG,3
p1_GCTTCCCGAGCC,2
p1_TTTCTTAAGCCG,3
p1_CGCGTCTGTGAT,2
p1_TGGACGTTAGAC,11
p1_GTTGAGACGGTT,2
p1_TGGATAATGGCC,3
p1_AATGCTTGCCCA,1
p1_ACGATACCTCCG,1
p1_TCGCTTGCTTAT,0
p1_AAAGTGCGAAAA,2
p1_GTAATTAGTTCA,1
p1_AACCTTGTGGAA,4
p1_TTTTCCCGTGAA,0
p1_CGGCCCGAATGT,3
p1_CATGAGAGGGAG,1
p1_GTTGCTTTAAAA,2
p1_GTCTTGTTCGAG,8
p1_GAAACCACGCTA,4
p1_TGCATTATACTT,3
p1_AAGGGCCTGTCG,11
p1_GTTAATGGCTGA,1
p1_TACATAGGGCCG,1
p1_CCTCTTCATCGT,11
p1_CACTATAGAGGC,1
p1_AATCTTAATCAG,1
p1_TGTAGCGCGTGG,3
p1_TAGGAGCCTGCT,1
p1_CTGCCTAGGTTT,3
p1_GTTCTTTTCTAT,7
p1_CTAAACCGACCT,8
p1_TTATGCCTAATC,0
p1_TAAGTCCGCATT,0
p1_CCAGGTTTTGTC,4
p1_TTCTGGATTCAA,13
p1_GGCGTGGGACGA,13
p1_AGCCATAGAAGC,1
p1_GACTGCTAGCTT,1
p1_CTTTTATGTCTT,12
p1_TAAACGTAGGAC,12
p1_TTCGAACAGGGA,2
p1_TCTACGCGCTCG,6
p1_CAAGATGCAAGA,0
p1_GCTTGAAATAGG,0
p1_GCAGACCCTGAT,0
p1_AACCGAATAAGT,0
p1_CGGAAGATAATC,12
p1_CAAGGAAGAACT,4
p1_GTCCGTACTCCA,1
p1_GGTCAAGTATGC,0
p1_CCTCAACAGTGC,0
p1_AGTTGCACTCCC,2
p1_AGATAAACGGTT,1
p1_CGACATGCAAAA,7
p1_CGGCACCAATCA,2
p1_TACAGTGAATTA,0
p1_CTCAGAGCGTAG,7
p1_CGTACTATCGGC,13
p1_GTGAGGAATCCT,8
p1_CCGAAGTAGTGG,10
p1_TCTTCCTCTGGA,3
p1_TTAACTATCTTG,3
p1_ACCCATGCCTAT,1
p1_TGCTCGCTGCTA,4
p1_AGAGTCGACAAG,10
p1_GGTATACGCCTC,1
p1_GTACTTTAGACG,0
p1_ACCGCGCTTTAT,0
p1_CTAGTACAGGTA,2
p1_CCTACTCACGCA,1
p1_TAGTCAAGGATG,4
p1_CGACCCCTTTAA,1
p1_TCCGTCTTCCGG,2
p1_GGTGCAAGCCGC,10
p1_CTCAACCCCCTG,0
p1_GGGAACATGAGT,4
p1_TAGTAATTCACC,5
p1_ATTGTCGAAGGC,0
p1_TCGCTTGCTTAC,0
p1_TACAATACTTGC,0
p1_TAATCCATCACA,2
p1_AAATTCCCTCAT,1
p1_CATCTCTTGGGC,1
p1_TGAGTTAATATT,8
p1_TATCGGACTCAA,4
p1_TGACATCTCCAC,0
p1_CGCGAGATTCAG,0
p1_GCCAAACGACCG,1
p1_CTTATTAATGCT,1
p1_ATTAGAAATGGA,15
p1_GCTACACTTGTC,6
p1_GTCAGGGTTCTT,4
p1_TAGATTGGTGAA,1
p1_ACAATTAGCCAA,10
p1_TAAACGGTGCCT,0
p1_CGGTTAACATTG,2
p1_GTTCTGGATCCC,1
p1_TCTACTTCTTAT,0
p1_TTACTAAAGGGG,2
p1_GGATGGGCTATT,2
p1_GAAACAGAAGCA,11
p1_TGTATAACGGTT,9
p1_ACTTATTTTAAG,3
p1_GTACCACCTAAT,0
p1_AGCGGCACGAGC,8
p1_GTAGTCCTTGTC,3
p1_CACCTCTCTCAC,7
p1_TGGTGTAGGAAC,0
p1_AGTCCCTCTATT,1
p1_GCGAATGGTTCG,13
p1_CGAAAGCCGAGA,12
p1_ACGATTATTCGA,4
p1_CGTTTCCCAGAC,2
p1_TGATAATCGCAT,1
p1_AACTCCTAGGAA,0
p1_TGAAGGGTTAAC,1
p1_CACCATGATGCG,1
p1_GAGAGGGCCCCT,12
p1_CCACACCTCTCT,2
p1_AGTAAAGTCTCA,8
p1_TCGCTTGCTTAG,0
p1_TAACTTGGACCG,7
p1_ACCATTAGACCG,0
p1_AAATCCTAGAGA,0
p1_TAAACGGGATGT,0
p1_GCCGATCATGCC,4
p1_CTTCCGACGAAC,8
p1_CGCAATTCCGTG,2
p1_CTTTAGCTTTGC,4
p1_AGGCCTGACTAA,2
p1_AAATCTTTACCG,2
p1_TATTTATCCAGG,2
p1_GCCCGGAGATCT,2
p1_GCTTCTAGCTCC,8
p1_CGGATGGGCTAG,3
p1_TAGGGAAGGAGA,3
p1_ACCGAGTCCTCG,0
p1_ACGCGCTTGAAA,2
p1_TGACTTGAACCC,2
p1_TACAGTGCTTCT,0
p1_ATTGGCGCGGGT,2
p1_TGGACGTAGAGT,0
p1_TGGTATTACTCT,0
p1_ATGGTTTCAACT,0
p1_TAACGCTAAATC,1
p1_ATGTTCGAGTAA,2
p1_GTTCCCTCGGAG,2
p1_GAGTCCTGAATG,5
p1_AACATCCGTTTG,2
p1_ATCGACATCTCC,13
p1_CCCACCCATAGG,0
p1_TGTCAAGTTGAT,5
p1_AGAGAAGATAGA,0
p1_AGAACCCCTTCG,1
p1_GAAACCGTGGAG,8
p1_GACCTTTTAGGA,0
p1_ACGGTCCAAGTA,3
p1_ACAATTAGTCAC,0
p1_CGGAGACTAGAG,8
p1_CGTGAAGAGGAC,5
p1_ACTCTCCACCTT,4
p1_GGTAGCCTGGCT,0
p1_CTCGCTCAGGGC,5
p1_AAAGAAGTCCTA,0
p1_CATGCTCCCCTT,1
p1_CACTTCTCTAAG,0
p1_CATGAAACCCAT,3
p1_CCCCTCGGTGGC,1
p1_TCAGCCAGAGTA,1
p1_AAGAGTCAAAGG,1
p1_CCCCACATGAAG,1
p1_TTAAGCTGTATG,3
p1_ATATACAACGCT,12
p1_ATTGGAGGCACA,3
p1_GGTTCAATACGA,5
p1_TACGGGGATTCG,0
p1_GTTCTTTTCTAG,7
p1_AATGTTATATCT,1
p1_AGACCCCCGACT,3
p1_CTGATGGGGAAG,1
p1_ACTTTCAGGAAT,1
p1_CGATGAAACCGG,3
p1_CTATTATTTCAG,8
p1_TGATCTTCGGGA,8
p1_CGACCCTATTCC,6
p1_GTTCTTTTCTAC,7
p1_GCACCGTGGGTA,0
p1_TTGCCGTCAGCT,12
p1_CCTACATATCAA,8
p1_GCCTCTTTGGAT,0
p1_TTCCAATAAGTT,0
p1_TGACCGTCTGTG,0
p1_ACGCTCCAAAGG,3
p1_ACTTCATAACGG,3
p1_GCCCGCTCGACG,1
p1_CCCATCGGGAAG,1
p1_AACTCTTATCAG,6
p1_CGGCTATGTCGC,1
p1_TTCTTGTTAGAC,8
p1_AGTACACCGGTC,7
p1_ATTAGCTTGGTA,5
p1_GAGCTCTTATAC,13
p1_GTCCTTCTAGAC,3
p1_TTCTCTTCTAAC,2
p1_GTCAGGGTTCTC,4
p1_CCGATCTTCTAT,2
p1_ACTAATGACTAT,0
p1_GGTCTGCATGAG,0
p1_TCGCTTGCTTAA,0
p1_ATCCTTTGTGAC,0
p1_TAGTTAGGAGTA,8
p1_GAGTCACATACA,2
p1_CCCTAGTAGGGA,1
p1_CCTGGTGTCATT,5
p1_CTTATCTCTGTA,0
p1_GTGACTGAGGAT,2
p1_GCCATGATAGAC,0
p1_ACCTACGCCCAA,1
p1_CTATACTACAAC,1
p1_AGTGCGAATAAT,1
p1_TCCAATAACTAG,1
p1_GCTTAGAGCCTA,5
p1_CTCAAGGCGTCG,0
p1_GATGCGCCGGAC,14
p1_ATTTCGTCCAAC,0
p1_GACCTCCAACCG,5
p1_ACTTCTGAATAT,8
p1_TTGGGGTCAAGG,0
p1_GGTGCAGTTCAG,2
p1_ACGCACCGCACG,1
p1_CAGTGGGCCAAA,0
p1_GCTACATGGGCG,7
p1_CATTAATCTTCG,1
p1_GGTACGTTACAT,8
p1_TAATCGCAAAAC,3
p1_ACCCGTGTCCCG,0
p1_ATTAGAGCTACG,0
p1_ACTTAACTTTAT,5
p1_CTACCGGCATTC,0
p1_GGGAACCATTAG,0
p1_CCGTGAAGCCTG,8
p1_GCTCATCCACTT,11
p1_GTCTCGCGCATT,1
p1_CAAAATAAGGGA,6
p1_TGACTTGAACCA,2
p1_CTACATTCAACA,0
p1_ATACAAGCCTCT,13
p1_CCGAGTCACTTT,2
p1_GTCGGAATATAG,0
p1_GTTCTTTTCTAA,7
p1_CGTTGGCCGCCT,1
p1_CGTCGCCAAATA,13
p1_CCACCTTCGCTC,2
p1_AGTTAGCGGTGT,12
p1_CGAGACAATTCC,11
p1_TAGCATGATATG,0
p1_TCGGTCCAATTG,2
p1_ACATGATTTCTT,4
p1_CTAATAGCTGAT,3
p1_GCCGTGGCACGA,5
p1_GCGAGCTAAATG,7
p1_TCCTACAAGTTC,0
p1_CGGGCATCCTGA,4
p1_ACCACCCAGGAA,2
p1_GTCACTGTTGTG,0
p1_GCGCCACTAGCC,5
p1_GCTTTGCAGGTT,3
p1_GCTCGTTCAGGT,0
p1_TTTGTTCTTTAT,8
p1_TGGTGAATACAC,6
p1_CTGCATCAACGT,0
p1_ACTTGGTTTCTG,9
p1_TTTCGAGATTTT,12
p1_CGAAGATGAAAT,0
p1_CCCAGCACGGCC,1
p1_TGCATGAGACAT,2
p1_GTAATCAATGGA,1
p1_GACACCAAATAG,10
p1_AAAATTGACTAC,10
p1_AGGCCGTCGCTT,6
p1_GCTCATCCACTG,11
p1_AGGTCGGGGGTC,0
p1_CTACTTCCGGCA,0
p1_TTGTCGCAACAA,8
p1_TTGCACAACCCC,0
p1_CCGTACCTCGTC,6
p1_CCGGTGCCTTGT,2
p1_TAACCAGGAAAC,2
p1_CTAGGCAAGTGT,12
p1_CCTCGGGTTTTA,2
p1_CAGAACGCAAAT,2
p1_TTCGTTTCATTT,0
p1_TCCTTTTCGGCA,1
p1_GAAACTCCCCAC,0
p1_CGAACAGAGACC,5
p1_GGAACACGATTT,1
p1_GAAGGTAGTTAG,13
p1_GAAGAGTTGTAC,8
p1_CAAACTATAATA,0
p1_CCGCGTGGCCTG,1
p1_ACCCGTTTGCCA,0
p1_TTGGATGCAGTG,11
p1_ATCAACCCGATG,0
p1_GCCACAACGCTC,8
p1_TGCGATACAGCG,0
p1_CCGCGGCTTTAC,2
p1_TCATATTTGGGC,2
p1_TAATAAGTTAGT,2
p1_CGACCCGGAAGT,5
p1_TCAACACGACTG,2
p1_GCGGCGGTGTAA,11
p1_TGAATGCACTTT,0
p1_GAGTCCATTCAT,5
p1_AGAGTGTCCTGA,6
p1_CTCCTATTCCCT,2
p1_AGGCATCTTCCT,0
p1_CCGTCCAACGCA,2
p1_CTGTAATGAAGA,0
p1_ACGCGGGGACGA,9
p1_ATGACGAATTAG,6
p1_GTTCTCATTCCA,8
p1_ACGTAACTGCAG,0
p1_ATAAATACGCTG,12
p1_GATGACCAGTTG,0
p1_CGCATACAAGTT,13
p1_TCAGCCTGAACC,2
p1_CAGGCCATCCCT,5
p1_TAACCGACAAGC,0
p1_CAGGACCGCTCT,0
p1_TGTTCCGTCTTA,2
p1_TCCTAGTTATTA,0
p1_CACAAACCGCGA,0
p1_GCGTACCACCGT,2
p1_CGGCAACAAGCC,2
p1_TACCCGCACTAT,6
p1_AGGACTATCAAG,1
p1_TTGCAGTCCTTT,0
p1_GCTTCGCCCGTA,5
p1_ACTAGCTCGTCT,0
p1_GCTTGGTAGATG,0
p1_GTTTAAAGAACT,2
p1_ACATGCGCGGCG,0
p1_GGTCCGCCGCGC,0
p1_TTGGAAGGGTCT,9
p1_CCGCACCTCCCA,9
p1_GTCTGATGCAAC,6
p1_AGTGCCAGCTCG,2
p1_CCAATAGCCGAT,0
p1_TTAGTCCTACCG,8
p1_GCATAAAGTATA,6
